sample_id,Checkm.# contigs.check,Checkm.Completeness.check,Checkm.Contamination.check,Checkm.GC.check,Checkm.Genome size (bp).check,Checkm.N50 (scaffolds).check,Quast.# contigs (>= 0 bp).check,Quast.GC (%).check,Quast.N50.check,Quast.Ns per 100 kbp.check,Quast.Total length (>= 0 bp).check,Speciator.confidence.check,Speciator.genusName.check,Speciator.speciesName.check,Sylph.number_of_genomes.check,Sylph.sequence_abundances.check,Sylph.species_name.check,Checkm.# contigs,Checkm.Completeness,Checkm.Contamination,Checkm.Contig_N50,Checkm.GC,Checkm.GC_Content,Checkm.Genome size (bp),Checkm.Genome_Size,Checkm.N50 (scaffolds),Checkm.Total_Coding_Sequences,Checkm.Total_Contigs,Checkm.all_checks_passed,Depth.Depth,Depth.Read_type,Depth.all_checks_passed,Quast.# contigs,Quast.# contigs (>= 0 bp),Quast.GC (%),Quast.Largest contig,Quast.N50,Quast.Total length,Quast.Total length (>= 0 bp),Quast.all_checks_passed,Speciator.all_checks_passed,Speciator.confidence,Speciator.speciesName,Sylph.all_checks_passed,Sylph.genomes,Sylph.number_of_genomes,Sylph.species_name,Sylph.taxonomic_abundances,Sylph.top_adjusted_ani,Sylph.top_species,Sylph.top_taxonomic_abundance,all_checks_passed,qualibact_N50,qualibact_completeness_specific,qualibact_contamination,qualibact_contigs,qualibact_gc_content,qualibact_genome_size,qualibact_reasons,qualibact_species_sylph,qualibact_tier,speccheck_assembly_type,speccheck_baseline_checks_passed,speccheck_criteria_file,speccheck_criteria_sha256,speccheck_fail_on_not_evaluated,speccheck_input_file_count,speccheck_not_evaluated_count,speccheck_species_checks_available,speccheck_species_checks_passed,speccheck_threshold_fallback_used,speccheck_threshold_scheme,speccheck_threshold_source,speccheck_version,qualibact_compat_tier,qualibact_compat_passed,qualibact_compat_reasons,qualibact_compat_warn_policy,qualibact_compat_source,qualibact_compat_metrics_evaluated,qualibact_compat_metrics_missing,overall_qc,baseline_qc,species,species_confidence,threshold_source,reason_summary
SAMD00000699,PASSED,PASSED,PASSED,PASSED,PASSED,PASSED,PASSED,PASSED,PASSED,PASSED,PASSED,PASSED,PASSED,PASSED,PASSED,PASSED,PASSED,311,100.0,0.17,42440,51.0,51.0,4991825,4991825,42440,5017,311,PASSED,224.42,short,PASSED,311,311,50.6,180404,42440,4991825,4991825,PASSED,PASSED,good,Escherichia coli,PASSED,GCF_003697165.2,1,Escherichia coli,100.0,97.29,Escherichia coli,100.0,PASSED,44485.0,100.0,0.19,379.0,50.6039,5024028.0,none,Escherichia coli,PASS,short,True,/gpfs3/well/aanensen/users/rva470/speccheck/speccheck/config/criteria.csv,94ca578103ce4fcd06e80c89e7d76ef7f29a6df0799aacfa92c0acd625506607,False,5,0,True,True,False,qualibact-v1.0,QualiBact Escherichia coli qualibact-v1.0,1.3.0,PASS,PASSED,none,warn-as-warn,Pinned QualiBact scheme for Escherichia coli,8,0,PASS,True,Escherichia coli,good,QualiBact Escherichia coli qualibact-v1.0,none
SAMD00000724,PASSED,PASSED,PASSED,PASSED,PASSED,PASSED,PASSED,PASSED,PASSED,PASSED,PASSED,PASSED,PASSED,PASSED,PASSED,PASSED,PASSED,134,100.0,0.13,85526,51.0,51.0,4923986,4923986,85526,4632,134,PASSED,555.44,short,PASSED,134,134,50.65,270300,85526,4923986,4923986,PASSED,PASSED,good,Escherichia coli,PASSED,GCF_003697165.2,1,Escherichia coli,100.0,97.55,Escherichia coli,100.0,PASSED,94105.0,100.0,0.13,202.0,50.6577,4932412.0,none,Escherichia coli,PASS,short,True,/gpfs3/well/aanensen/users/rva470/speccheck/speccheck/config/criteria.csv,94ca578103ce4fcd06e80c89e7d76ef7f29a6df0799aacfa92c0acd625506607,False,5,0,True,True,False,qualibact-v1.0,QualiBact Escherichia coli qualibact-v1.0,1.3.0,PASS,PASSED,none,warn-as-warn,Pinned QualiBact scheme for Escherichia coli,8,0,PASS,True,Escherichia coli,good,QualiBact Escherichia coli qualibact-v1.0,none
SAMD00003398,PASSED,PASSED,PASSED,PASSED,PASSED,PASSED,PASSED,PASSED,PASSED,PASSED,PASSED,PASSED,PASSED,PASSED,PASSED,PASSED,PASSED,345,100.0,0.41,55862,50.0,50.0,5341424,5341424,55862,5469,345,PASSED,141.27,short,PASSED,345,345,50.25,224061,55862,5341424,5341424,PASSED,PASSED,good,Escherichia coli,PASSED,GCF_003697165.2,1,Escherichia coli,100.0,97.34,Escherichia coli,100.0,PASSED,51934.0,100.0,0.45,561.0,50.2768,5396831.0,none,Escherichia coli,PASS,short,True,/gpfs3/well/aanensen/users/rva470/speccheck/speccheck/config/criteria.csv,94ca578103ce4fcd06e80c89e7d76ef7f29a6df0799aacfa92c0acd625506607,False,5,0,True,True,False,qualibact-v1.0,QualiBact Escherichia coli qualibact-v1.0,1.3.0,PASS,PASSED,none,warn-as-warn,Pinned QualiBact scheme for Escherichia coli,8,0,PASS,True,Escherichia coli,good,QualiBact Escherichia coli qualibact-v1.0,none
SAMD00008661,PASSED,PASSED,PASSED,PASSED,PASSED,PASSED,PASSED,PASSED,PASSED,PASSED,PASSED,PASSED,PASSED,PASSED,PASSED,PASSED,PASSED,392,100.0,0.35,28634,51.0,51.0,4707333,4707333,28634,4706,392,PASSED,203.81,short,PASSED,392,392,50.77,93470,28634,4707333,4707333,PASSED,PASSED,good,Escherichia coli,PASSED,GCF_003697165.2,1,Escherichia coli,100.0,97.16,Escherichia coli,100.0,PASSED,28382.0,100.0,0.45,502.0,50.7625,4742258.0,none,Escherichia coli,PASS,short,True,/gpfs3/well/aanensen/users/rva470/speccheck/speccheck/config/criteria.csv,94ca578103ce4fcd06e80c89e7d76ef7f29a6df0799aacfa92c0acd625506607,False,5,0,True,True,False,qualibact-v1.0,QualiBact Escherichia coli qualibact-v1.0,1.3.0,PASS,PASSED,none,warn-as-warn,Pinned QualiBact scheme for Escherichia coli,8,0,PASS,True,Escherichia coli,good,QualiBact Escherichia coli qualibact-v1.0,none
SAMD00019005,PASSED,FAILED,PASSED,FAILED,FAILED,FAILED,PASSED,FAILED,FAILED,PASSED,FAILED,FAILED,FAILED,FAILED,PASSED,PASSED,PASSED,1,6.3,0.0,5377,56.99999999999999,56.99999999999999,5377,5377,5377,3,1,FAILED,15391.42,short,PASSED,1,1,56.82,5377,5377,5377,5377,FAILED,FAILED,,Unidentified,PASSED,GCF_003697165.2,1,Escherichia coli,100.0,97.06,Escherichia coli,100.0,FAILED,9818.0,99.94,1.1,679.0,51.1176,4323810.0,no_of_contigs >670.0; Genome_Size <4400000.0; GC_Content >50.88; N50 <20000.0; Completeness <100.0,Escherichia coli,FAIL,short,False,/gpfs3/well/aanensen/users/rva470/speccheck/speccheck/config/criteria.csv,94ca578103ce4fcd06e80c89e7d76ef7f29a6df0799aacfa92c0acd625506607,False,5,0,True,False,False,qualibact-v1.0,QualiBact Escherichia coli qualibact-v1.0,1.3.0,NOT_AVAILABLE,NOT_AVAILABLE,No pinned QualiBact scheme for species,warn-as-warn,not available,0,0,NOT_AVAILABLE,False,Unidentified,,QualiBact Escherichia coli qualibact-v1.0,No pinned QualiBact scheme for species
SAMD00019007,PASSED,FAILED,PASSED,PASSED,FAILED,FAILED,PASSED,PASSED,FAILED,PASSED,FAILED,FAILED,FAILED,FAILED,PASSED,PASSED,PASSED,11,4.75,0.02,2909,51.0,51.0,22526,22526,2909,27,11,FAILED,4880.42,short,PASSED,11,11,51.43,5730,2909,22526,22526,FAILED,FAILED,,Unidentified,PASSED,GCF_003697165.2,1,Escherichia coli,100.0,97.14,Escherichia coli,100.0,FAILED,19828.0,99.99,0.01,1690.0,51.6102,4736742.0,no_of_contigs >670.0; GC_Content >51.13; N50 <20000.0; Completeness <100.0,Escherichia coli,FAIL,short,False,/gpfs3/well/aanensen/users/rva470/speccheck/speccheck/config/criteria.csv,94ca578103ce4fcd06e80c89e7d76ef7f29a6df0799aacfa92c0acd625506607,False,5,0,True,False,False,qualibact-v1.0,QualiBact Escherichia coli qualibact-v1.0,1.3.0,NOT_AVAILABLE,NOT_AVAILABLE,No pinned QualiBact scheme for species,warn-as-warn,not available,0,0,NOT_AVAILABLE,False,Unidentified,,QualiBact Escherichia coli qualibact-v1.0,No pinned QualiBact scheme for species
SAMD00019012,PASSED,FAILED,PASSED,PASSED,FAILED,FAILED,PASSED,PASSED,FAILED,PASSED,FAILED,FAILED,FAILED,FAILED,PASSED,PASSED,PASSED,164,7.21,0.04,1571,50.0,50.0,236815,236815,1571,344,164,FAILED,440.54,short,PASSED,164,164,50.46,7387,1571,236815,236815,FAILED,FAILED,,Unidentified,PASSED,GCF_003697165.2,1,Escherichia coli,100.0,97.17,Escherichia coli,100.0,FAILED,28751.0,100.0,0.62,1562.0,51.5922,4764867.0,no_of_contigs >670.0; GC_Content >51.13,Escherichia coli,FAIL,short,False,/gpfs3/well/aanensen/users/rva470/speccheck/speccheck/config/criteria.csv,94ca578103ce4fcd06e80c89e7d76ef7f29a6df0799aacfa92c0acd625506607,False,5,0,True,False,False,qualibact-v1.0,QualiBact Escherichia coli qualibact-v1.0,1.3.0,NOT_AVAILABLE,NOT_AVAILABLE,No pinned QualiBact scheme for species,warn-as-warn,not available,0,0,NOT_AVAILABLE,False,Unidentified,,QualiBact Escherichia coli qualibact-v1.0,No pinned QualiBact scheme for species
SAMD00062394,PASSED,PASSED,PASSED,PASSED,PASSED,PASSED,PASSED,PASSED,PASSED,PASSED,PASSED,PASSED,PASSED,PASSED,PASSED,PASSED,PASSED,213,100.0,1.17,112151,50.0,50.0,5865761,5865761,112151,5776,213,PASSED,25.89,short,PASSED,213,213,50.06,342667,112151,5865761,5865761,PASSED,PASSED,good,Escherichia coli,PASSED,GCF_003697165.2,1,Escherichia coli,100.0,97.53,Escherichia coli,100.0,FAILED,134229.0,100.0,1.16,270.0,50.0621,5909818.0,Total_Coding_Sequences >5800.0; Genome_Size >5700000.0; GC_Content <50.09,Escherichia coli,FAIL,short,True,/gpfs3/well/aanensen/users/rva470/speccheck/speccheck/config/criteria.csv,94ca578103ce4fcd06e80c89e7d76ef7f29a6df0799aacfa92c0acd625506607,False,5,0,True,True,False,qualibact-v1.0,QualiBact Escherichia coli qualibact-v1.0,1.3.0,FAIL,FAILED,GC_Content <50.09; Genome_Size >5700000.0,warn-as-warn,Pinned QualiBact scheme for Escherichia coli,8,0,FAIL,True,Escherichia coli,good,QualiBact Escherichia coli qualibact-v1.0,GC_Content <50.09; Genome_Size >5700000.0
SAMD00071305,PASSED,PASSED,PASSED,PASSED,PASSED,PASSED,PASSED,PASSED,PASSED,PASSED,PASSED,PASSED,PASSED,PASSED,PASSED,PASSED,PASSED,353,100.0,0.01,23419,51.0,51.0,4406998,4406998,23419,4174,353,PASSED,37.19,short,PASSED,353,353,51.23,82498,23419,4406998,4406998,PASSED,PASSED,good,Escherichia coli,PASSED,GCF_003697165.2,1,Escherichia coli,100.0,97.25,Escherichia coli,100.0,FAILED,31006.0,100.0,0.15,327.0,51.1325,4454198.0,Total_Coding_Sequences <4200.0; GC_Content >51.13,Escherichia coli,FAIL,short,True,/gpfs3/well/aanensen/users/rva470/speccheck/speccheck/config/criteria.csv,94ca578103ce4fcd06e80c89e7d76ef7f29a6df0799aacfa92c0acd625506607,False,5,0,True,True,False,qualibact-v1.0,QualiBact Escherichia coli qualibact-v1.0,1.3.0,FAIL,FAILED,GC_Content >51.13; Total_Coding_Sequences <4200.0,warn-as-warn,Pinned QualiBact scheme for Escherichia coli,8,0,FAIL,True,Escherichia coli,good,QualiBact Escherichia coli qualibact-v1.0,GC_Content >51.13; Total_Coding_Sequences <4200.0
SAMN42689957,FAILED,PASSED,PASSED,PASSED,PASSED,FAILED,FAILED,PASSED,FAILED,PASSED,PASSED,PASSED,PASSED,PASSED,PASSED,PASSED,PASSED,1033,100.0,3.12,9019,50.0,50.0,5177536,5177536,9019,5642,1033,FAILED,46.28,short,PASSED,1033,1033,50.35,45155,9019,5177536,5177536,FAILED,PASSED,good,Escherichia coli,PASSED,GCF_003697165.2,1,Escherichia coli,100.0,97.38,Escherichia coli,100.0,FAILED,49669.0,100.0,0.32,706.0,50.3804,5313156.0,no_of_contigs >670.0,Escherichia coli,FAIL,short,True,/gpfs3/well/aanensen/users/rva470/speccheck/speccheck/config/criteria.csv,94ca578103ce4fcd06e80c89e7d76ef7f29a6df0799aacfa92c0acd625506607,False,5,0,True,False,False,qualibact-v1.0,QualiBact Escherichia coli qualibact-v1.0,1.3.0,FAIL,FAILED,N50 <20000.0; no_of_contigs >670.0; Contamination >2.0,warn-as-warn,Pinned QualiBact scheme for Escherichia coli,8,0,FAIL,True,Escherichia coli,good,QualiBact Escherichia coli qualibact-v1.0,N50 <20000.0; no_of_contigs >670.0; Contamination >2.0
SAMN42720371,PASSED,PASSED,PASSED,PASSED,PASSED,PASSED,PASSED,PASSED,PASSED,PASSED,PASSED,PASSED,PASSED,PASSED,PASSED,PASSED,PASSED,546,99.98,0.41,26247,51.0,51.0,4825099,4825099,26247,4901,546,PASSED,23.45,short,PASSED,546,546,50.58,137210,26247,4825099,4825099,PASSED,PASSED,good,Escherichia coli,PASSED,GCF_003697165.2,1,Escherichia coli,100.0,97.16,Escherichia coli,100.0,PASSED,17054.0,99.98,1.54,765.0,50.5829,4863879.0,no_of_contigs >670.0; N50 <20000.0; Completeness <100.0,Escherichia coli,FAIL,short,True,/gpfs3/well/aanensen/users/rva470/speccheck/speccheck/config/criteria.csv,94ca578103ce4fcd06e80c89e7d76ef7f29a6df0799aacfa92c0acd625506607,False,5,0,True,True,False,qualibact-v1.0,QualiBact Escherichia coli qualibact-v1.0,1.3.0,WARN,PASSED,Completeness_Specific <100.0,warn-as-warn,Pinned QualiBact scheme for Escherichia coli,8,0,WARN,True,Escherichia coli,good,QualiBact Escherichia coli qualibact-v1.0,Completeness_Specific <100.0
SAMN42744342,PASSED,PASSED,PASSED,PASSED,FAILED,PASSED,PASSED,FAILED,PASSED,PASSED,PASSED,PASSED,PASSED,PASSED,PASSED,PASSED,PASSED,550,100.0,7.76,57220,50.0,50.0,6288281,6288281,57220,6370,550,FAILED,236.87,short,PASSED,550,550,49.98,249385,57220,6288281,6288281,FAILED,PASSED,good,Escherichia coli,PASSED,GCF_003697165.2,1,Escherichia coli,100.0,99.19,Escherichia coli,100.0,FAILED,60447.0,100.0,8.44,646.0,49.9627,6266653.0,no_of_contigs >600.0; Total_Coding_Sequences >5800.0; Genome_Size >5700000.0; GC_Content <50.09; Contamination >2.0,Escherichia coli,FAIL,short,True,/gpfs3/well/aanensen/users/rva470/speccheck/speccheck/config/criteria.csv,94ca578103ce4fcd06e80c89e7d76ef7f29a6df0799aacfa92c0acd625506607,False,5,0,True,False,False,qualibact-v1.0,QualiBact Escherichia coli qualibact-v1.0,1.3.0,FAIL,FAILED,GC_Content <50.09; Contamination >2.0; Genome_Size >5700000.0; Total_Coding_Sequences >5800.0,warn-as-warn,Pinned QualiBact scheme for Escherichia coli,8,0,FAIL,True,Escherichia coli,good,QualiBact Escherichia coli qualibact-v1.0,GC_Content <50.09; Contamination >2.0; Genome_Size >5700000.0; Total_Coding_Sequences >5800.0
SAMN42744370,PASSED,PASSED,PASSED,PASSED,PASSED,PASSED,PASSED,PASSED,PASSED,PASSED,PASSED,PASSED,PASSED,PASSED,PASSED,PASSED,PASSED,50,100.0,0.1,252309,51.0,51.0,4772358,4772358,252309,4462,50,PASSED,96.8,short,PASSED,50,50,50.8,611727,252309,4772358,4772358,PASSED,PASSED,good,Escherichia coli,PASSED,GCF_003697165.2,1,Escherichia coli,100.0,97.26,Escherichia coli,100.0,PASSED,235154.0,100.0,0.1,85.0,50.8055,4782832.0,none,Escherichia coli,PASS,short,True,/gpfs3/well/aanensen/users/rva470/speccheck/speccheck/config/criteria.csv,94ca578103ce4fcd06e80c89e7d76ef7f29a6df0799aacfa92c0acd625506607,False,5,0,True,True,False,qualibact-v1.0,QualiBact Escherichia coli qualibact-v1.0,1.3.0,PASS,PASSED,none,warn-as-warn,Pinned QualiBact scheme for Escherichia coli,8,0,PASS,True,Escherichia coli,good,QualiBact Escherichia coli qualibact-v1.0,none
SAMN42744371,PASSED,PASSED,PASSED,PASSED,PASSED,PASSED,PASSED,PASSED,PASSED,PASSED,PASSED,PASSED,PASSED,PASSED,PASSED,PASSED,PASSED,69,100.0,0.12,154495,51.0,51.0,4758085,4758085,154495,4495,69,PASSED,77.04,short,PASSED,69,69,50.61,347987,154495,4758085,4758085,PASSED,PASSED,good,Escherichia coli,PASSED,GCF_003697165.2,1,Escherichia coli,100.0,97.29,Escherichia coli,100.0,PASSED,139291.0,100.0,0.12,110.0,50.6164,4770598.0,none,Escherichia coli,PASS,short,True,/gpfs3/well/aanensen/users/rva470/speccheck/speccheck/config/criteria.csv,94ca578103ce4fcd06e80c89e7d76ef7f29a6df0799aacfa92c0acd625506607,False,5,0,True,True,False,qualibact-v1.0,QualiBact Escherichia coli qualibact-v1.0,1.3.0,PASS,PASSED,none,warn-as-warn,Pinned QualiBact scheme for Escherichia coli,8,0,PASS,True,Escherichia coli,good,QualiBact Escherichia coli qualibact-v1.0,none
SAMN42744372,PASSED,PASSED,PASSED,PASSED,PASSED,PASSED,PASSED,PASSED,PASSED,PASSED,PASSED,PASSED,PASSED,PASSED,PASSED,PASSED,PASSED,64,100.0,0.12,189971,51.0,51.0,4760273,4760273,189971,4502,64,PASSED,97.9,short,PASSED,64,64,50.61,496653,189971,4760273,4760273,PASSED,PASSED,good,Escherichia coli,PASSED,GCF_003697165.2,1,Escherichia coli,100.0,97.29,Escherichia coli,100.0,PASSED,181024.0,100.0,0.12,102.0,50.6175,4772475.0,none,Escherichia coli,PASS,short,True,/gpfs3/well/aanensen/users/rva470/speccheck/speccheck/config/criteria.csv,94ca578103ce4fcd06e80c89e7d76ef7f29a6df0799aacfa92c0acd625506607,False,5,0,True,True,False,qualibact-v1.0,QualiBact Escherichia coli qualibact-v1.0,1.3.0,PASS,PASSED,none,warn-as-warn,Pinned QualiBact scheme for Escherichia coli,8,0,PASS,True,Escherichia coli,good,QualiBact Escherichia coli qualibact-v1.0,none
SAMN42744374,PASSED,PASSED,PASSED,PASSED,PASSED,PASSED,PASSED,PASSED,PASSED,PASSED,PASSED,PASSED,PASSED,PASSED,PASSED,PASSED,PASSED,86,100.0,0.45,242527,51.0,51.0,5335222,5335222,242527,5040,86,PASSED,101.94,short,PASSED,86,86,50.67,760682,242527,5335222,5335222,PASSED,PASSED,good,Escherichia coli,PASSED,GCF_003697165.2,1,Escherichia coli,100.0,97.52,Escherichia coli,100.0,PASSED,242527.0,100.0,0.43,131.0,50.6761,5351449.0,none,Escherichia coli,PASS,short,True,/gpfs3/well/aanensen/users/rva470/speccheck/speccheck/config/criteria.csv,94ca578103ce4fcd06e80c89e7d76ef7f29a6df0799aacfa92c0acd625506607,False,5,0,True,True,False,qualibact-v1.0,QualiBact Escherichia coli qualibact-v1.0,1.3.0,PASS,PASSED,none,warn-as-warn,Pinned QualiBact scheme for Escherichia coli,8,0,PASS,True,Escherichia coli,good,QualiBact Escherichia coli qualibact-v1.0,none
SAMN42744375,PASSED,PASSED,PASSED,PASSED,PASSED,PASSED,PASSED,PASSED,PASSED,PASSED,PASSED,PASSED,PASSED,PASSED,PASSED,PASSED,PASSED,93,100.0,0.45,242527,51.0,51.0,5343219,5343219,242527,5051,93,PASSED,110.02,short,PASSED,93,93,50.68,440585,242527,5343219,5343219,PASSED,PASSED,good,Escherichia coli,PASSED,GCF_003697165.2,1,Escherichia coli,100.0,97.51,Escherichia coli,100.0,PASSED,242527.0,100.0,0.43,130.0,50.6816,5355393.0,none,Escherichia coli,PASS,short,True,/gpfs3/well/aanensen/users/rva470/speccheck/speccheck/config/criteria.csv,94ca578103ce4fcd06e80c89e7d76ef7f29a6df0799aacfa92c0acd625506607,False,5,0,True,True,False,qualibact-v1.0,QualiBact Escherichia coli qualibact-v1.0,1.3.0,PASS,PASSED,none,warn-as-warn,Pinned QualiBact scheme for Escherichia coli,8,0,PASS,True,Escherichia coli,good,QualiBact Escherichia coli qualibact-v1.0,none
SAMN42744376,PASSED,PASSED,PASSED,PASSED,PASSED,PASSED,PASSED,PASSED,PASSED,PASSED,PASSED,PASSED,PASSED,PASSED,PASSED,PASSED,PASSED,75,100.0,0.08,183671,51.0,51.0,4901876,4901876,183671,4602,75,PASSED,82.01,short,PASSED,75,75,50.88,623343,183671,4901876,4901876,PASSED,PASSED,good,Escherichia coli,PASSED,GCF_003697165.2,1,Escherichia coli,100.0,97.56,Escherichia coli,100.0,PASSED,143834.0,100.0,0.08,143.0,50.8847,4918804.0,GC_Content >50.88,Escherichia coli,WARN,short,True,/gpfs3/well/aanensen/users/rva470/speccheck/speccheck/config/criteria.csv,94ca578103ce4fcd06e80c89e7d76ef7f29a6df0799aacfa92c0acd625506607,False,5,0,True,True,False,qualibact-v1.0,QualiBact Escherichia coli qualibact-v1.0,1.3.0,PASS,PASSED,none,warn-as-warn,Pinned QualiBact scheme for Escherichia coli,8,0,PASS,True,Escherichia coli,good,QualiBact Escherichia coli qualibact-v1.0,none
SAMN42744378,PASSED,PASSED,PASSED,PASSED,PASSED,PASSED,PASSED,PASSED,PASSED,PASSED,PASSED,PASSED,PASSED,PASSED,PASSED,PASSED,PASSED,86,100.0,0.2,205135,51.0,51.0,5132086,5132086,205135,4928,86,PASSED,109.76,short,PASSED,86,86,50.71,378879,205135,5132086,5132086,PASSED,PASSED,good,Escherichia coli,PASSED,GCF_003697165.2,1,Escherichia coli,100.0,97.3,Escherichia coli,100.0,PASSED,205135.0,100.0,0.18,152.0,50.7101,5150646.0,none,Escherichia coli,PASS,short,True,/gpfs3/well/aanensen/users/rva470/speccheck/speccheck/config/criteria.csv,94ca578103ce4fcd06e80c89e7d76ef7f29a6df0799aacfa92c0acd625506607,False,5,0,True,True,False,qualibact-v1.0,QualiBact Escherichia coli qualibact-v1.0,1.3.0,PASS,PASSED,none,warn-as-warn,Pinned QualiBact scheme for Escherichia coli,8,0,PASS,True,Escherichia coli,good,QualiBact Escherichia coli qualibact-v1.0,none
SAMN42744379,PASSED,PASSED,PASSED,PASSED,PASSED,PASSED,PASSED,PASSED,PASSED,PASSED,PASSED,PASSED,PASSED,PASSED,PASSED,PASSED,PASSED,90,100.0,0.2,162210,51.0,51.0,5130399,5130399,162210,4930,90,PASSED,84.49,short,PASSED,90,90,50.71,361372,162210,5130399,5130399,PASSED,PASSED,good,Escherichia coli,PASSED,GCF_003697165.2,1,Escherichia coli,100.0,97.31,Escherichia coli,100.0,PASSED,190394.0,100.0,0.19,149.0,50.7078,5148425.0,none,Escherichia coli,PASS,short,True,/gpfs3/well/aanensen/users/rva470/speccheck/speccheck/config/criteria.csv,94ca578103ce4fcd06e80c89e7d76ef7f29a6df0799aacfa92c0acd625506607,False,5,0,True,True,False,qualibact-v1.0,QualiBact Escherichia coli qualibact-v1.0,1.3.0,PASS,PASSED,none,warn-as-warn,Pinned QualiBact scheme for Escherichia coli,8,0,PASS,True,Escherichia coli,good,QualiBact Escherichia coli qualibact-v1.0,none
SAMN42744380,PASSED,PASSED,PASSED,PASSED,PASSED,PASSED,PASSED,PASSED,PASSED,PASSED,PASSED,PASSED,PASSED,PASSED,PASSED,PASSED,PASSED,86,100.0,0.2,205135,51.0,51.0,5131884,5131884,205135,4927,86,PASSED,82.72,short,PASSED,86,86,50.71,360786,205135,5131884,5131884,PASSED,PASSED,good,Escherichia coli,PASSED,GCF_003697165.2,1,Escherichia coli,100.0,97.31,Escherichia coli,100.0,PASSED,205135.0,100.0,0.18,141.0,50.7077,5148364.0,none,Escherichia coli,PASS,short,True,/gpfs3/well/aanensen/users/rva470/speccheck/speccheck/config/criteria.csv,94ca578103ce4fcd06e80c89e7d76ef7f29a6df0799aacfa92c0acd625506607,False,5,0,True,True,False,qualibact-v1.0,QualiBact Escherichia coli qualibact-v1.0,1.3.0,PASS,PASSED,none,warn-as-warn,Pinned QualiBact scheme for Escherichia coli,8,0,PASS,True,Escherichia coli,good,QualiBact Escherichia coli qualibact-v1.0,none
SAMN42744381,PASSED,PASSED,PASSED,PASSED,PASSED,PASSED,PASSED,PASSED,PASSED,PASSED,PASSED,PASSED,PASSED,PASSED,PASSED,PASSED,PASSED,88,100.0,0.2,190393,51.0,51.0,5131326,5131326,190393,4925,88,PASSED,64.03,short,PASSED,88,88,50.72,360786,190393,5131326,5131326,PASSED,PASSED,good,Escherichia coli,PASSED,GCF_003697165.2,1,Escherichia coli,100.0,97.31,Escherichia coli,100.0,PASSED,205135.0,100.0,0.18,151.0,50.7091,5151628.0,none,Escherichia coli,PASS,short,True,/gpfs3/well/aanensen/users/rva470/speccheck/speccheck/config/criteria.csv,94ca578103ce4fcd06e80c89e7d76ef7f29a6df0799aacfa92c0acd625506607,False,5,0,True,True,False,qualibact-v1.0,QualiBact Escherichia coli qualibact-v1.0,1.3.0,PASS,PASSED,none,warn-as-warn,Pinned QualiBact scheme for Escherichia coli,8,0,PASS,True,Escherichia coli,good,QualiBact Escherichia coli qualibact-v1.0,none
SAMN42744382,PASSED,PASSED,PASSED,PASSED,PASSED,PASSED,PASSED,PASSED,PASSED,PASSED,PASSED,PASSED,PASSED,PASSED,PASSED,PASSED,PASSED,87,100.0,0.18,205135,51.0,51.0,5186789,5186789,205135,4985,87,PASSED,114.9,short,PASSED,87,87,50.68,360786,205135,5186789,5186789,PASSED,PASSED,good,Escherichia coli,PASSED,GCF_003697165.2,1,Escherichia coli,100.0,97.33,Escherichia coli,100.0,PASSED,205135.0,100.0,0.16,144.0,50.679,5204115.0,none,Escherichia coli,PASS,short,True,/gpfs3/well/aanensen/users/rva470/speccheck/speccheck/config/criteria.csv,94ca578103ce4fcd06e80c89e7d76ef7f29a6df0799aacfa92c0acd625506607,False,5,0,True,True,False,qualibact-v1.0,QualiBact Escherichia coli qualibact-v1.0,1.3.0,PASS,PASSED,none,warn-as-warn,Pinned QualiBact scheme for Escherichia coli,8,0,PASS,True,Escherichia coli,good,QualiBact Escherichia coli qualibact-v1.0,none
SAMN42744383,PASSED,PASSED,PASSED,PASSED,PASSED,PASSED,PASSED,PASSED,PASSED,PASSED,PASSED,PASSED,PASSED,PASSED,PASSED,PASSED,PASSED,69,100.0,0.08,201289,51.0,51.0,4901367,4901367,201289,4610,69,PASSED,77.7,short,PASSED,69,69,50.88,623689,201289,4901367,4901367,PASSED,PASSED,good,Escherichia coli,PASSED,GCF_003697165.2,1,Escherichia coli,100.0,97.56,Escherichia coli,100.0,PASSED,197252.0,100.0,0.08,123.0,50.8821,4917652.0,GC_Content >50.88,Escherichia coli,WARN,short,True,/gpfs3/well/aanensen/users/rva470/speccheck/speccheck/config/criteria.csv,94ca578103ce4fcd06e80c89e7d76ef7f29a6df0799aacfa92c0acd625506607,False,5,0,True,True,False,qualibact-v1.0,QualiBact Escherichia coli qualibact-v1.0,1.3.0,PASS,PASSED,none,warn-as-warn,Pinned QualiBact scheme for Escherichia coli,8,0,PASS,True,Escherichia coli,good,QualiBact Escherichia coli qualibact-v1.0,none
SAMN42744385,PASSED,PASSED,PASSED,PASSED,PASSED,PASSED,PASSED,PASSED,PASSED,PASSED,PASSED,PASSED,PASSED,PASSED,PASSED,PASSED,PASSED,61,100.0,0.76,341708,50.0,50.0,5077036,5077036,341708,4717,61,PASSED,173.4,short,PASSED,61,61,50.38,657293,341708,5077036,5077036,PASSED,PASSED,good,Escherichia coli,PASSED,GCF_003697165.2,1,Escherichia coli,100.0,99.0,Escherichia coli,100.0,PASSED,341708.0,100.0,0.79,99.0,50.3879,5088045.0,none,Escherichia coli,PASS,short,True,/gpfs3/well/aanensen/users/rva470/speccheck/speccheck/config/criteria.csv,94ca578103ce4fcd06e80c89e7d76ef7f29a6df0799aacfa92c0acd625506607,False,5,0,True,True,False,qualibact-v1.0,QualiBact Escherichia coli qualibact-v1.0,1.3.0,PASS,PASSED,none,warn-as-warn,Pinned QualiBact scheme for Escherichia coli,8,0,PASS,True,Escherichia coli,good,QualiBact Escherichia coli qualibact-v1.0,none
SAMN42744387,PASSED,PASSED,PASSED,PASSED,PASSED,PASSED,PASSED,PASSED,PASSED,PASSED,PASSED,PASSED,PASSED,PASSED,PASSED,PASSED,PASSED,57,100.0,0.76,357673,50.0,50.0,5076069,5076069,357673,4708,57,PASSED,112.47,short,PASSED,57,57,50.38,657103,357673,5076069,5076069,PASSED,PASSED,good,Escherichia coli,PASSED,GCF_003697165.2,1,Escherichia coli,100.0,98.99,Escherichia coli,100.0,PASSED,357673.0,100.0,0.79,96.0,50.3857,5086683.0,none,Escherichia coli,PASS,short,True,/gpfs3/well/aanensen/users/rva470/speccheck/speccheck/config/criteria.csv,94ca578103ce4fcd06e80c89e7d76ef7f29a6df0799aacfa92c0acd625506607,False,5,0,True,True,False,qualibact-v1.0,QualiBact Escherichia coli qualibact-v1.0,1.3.0,PASS,PASSED,none,warn-as-warn,Pinned QualiBact scheme for Escherichia coli,8,0,PASS,True,Escherichia coli,good,QualiBact Escherichia coli qualibact-v1.0,none
SAMN42744389,PASSED,PASSED,PASSED,PASSED,PASSED,PASSED,PASSED,PASSED,PASSED,PASSED,PASSED,PASSED,PASSED,PASSED,PASSED,PASSED,PASSED,94,100.0,0.29,202201,51.0,51.0,4928099,4928099,202201,4682,94,PASSED,106.02,short,PASSED,94,94,50.8,370886,202201,4928099,4928099,PASSED,PASSED,good,Escherichia coli,PASSED,GCF_003697165.2,1,Escherichia coli,100.0,97.3,Escherichia coli,100.0,PASSED,193868.0,100.0,0.28,159.0,50.802,4947930.0,none,Escherichia coli,PASS,short,True,/gpfs3/well/aanensen/users/rva470/speccheck/speccheck/config/criteria.csv,94ca578103ce4fcd06e80c89e7d76ef7f29a6df0799aacfa92c0acd625506607,False,5,0,True,True,False,qualibact-v1.0,QualiBact Escherichia coli qualibact-v1.0,1.3.0,PASS,PASSED,none,warn-as-warn,Pinned QualiBact scheme for Escherichia coli,8,0,PASS,True,Escherichia coli,good,QualiBact Escherichia coli qualibact-v1.0,none
SAMN42744391,PASSED,PASSED,PASSED,PASSED,PASSED,PASSED,PASSED,PASSED,PASSED,PASSED,PASSED,PASSED,PASSED,PASSED,PASSED,PASSED,PASSED,93,100.0,0.31,189705,51.0,51.0,4932742,4932742,189705,4674,93,PASSED,119.58,short,PASSED,93,93,50.8,333914,189705,4932742,4932742,PASSED,PASSED,good,Escherichia coli,PASSED,GCF_003697165.2,1,Escherichia coli,100.0,97.29,Escherichia coli,100.0,PASSED,189705.0,100.0,0.32,134.0,50.8086,4949812.0,none,Escherichia coli,PASS,short,True,/gpfs3/well/aanensen/users/rva470/speccheck/speccheck/config/criteria.csv,94ca578103ce4fcd06e80c89e7d76ef7f29a6df0799aacfa92c0acd625506607,False,5,0,True,True,False,qualibact-v1.0,QualiBact Escherichia coli qualibact-v1.0,1.3.0,PASS,PASSED,none,warn-as-warn,Pinned QualiBact scheme for Escherichia coli,8,0,PASS,True,Escherichia coli,good,QualiBact Escherichia coli qualibact-v1.0,none
SAMN42744393,PASSED,PASSED,PASSED,PASSED,PASSED,PASSED,PASSED,PASSED,PASSED,PASSED,PASSED,PASSED,PASSED,PASSED,PASSED,PASSED,PASSED,73,100.0,0.08,171258,51.0,51.0,4897100,4897100,171258,4601,73,PASSED,95.55,short,PASSED,73,73,50.88,623343,171258,4897100,4897100,PASSED,PASSED,good,Escherichia coli,PASSED,GCF_003697165.2,1,Escherichia coli,100.0,97.56,Escherichia coli,100.0,PASSED,185144.0,100.0,0.08,120.0,50.8811,4912551.0,GC_Content >50.88,Escherichia coli,WARN,short,True,/gpfs3/well/aanensen/users/rva470/speccheck/speccheck/config/criteria.csv,94ca578103ce4fcd06e80c89e7d76ef7f29a6df0799aacfa92c0acd625506607,False,5,0,True,True,False,qualibact-v1.0,QualiBact Escherichia coli qualibact-v1.0,1.3.0,PASS,PASSED,none,warn-as-warn,Pinned QualiBact scheme for Escherichia coli,8,0,PASS,True,Escherichia coli,good,QualiBact Escherichia coli qualibact-v1.0,none
SAMN42744400,PASSED,PASSED,PASSED,PASSED,PASSED,PASSED,PASSED,PASSED,PASSED,PASSED,PASSED,PASSED,PASSED,PASSED,PASSED,PASSED,PASSED,76,100.0,0.08,198906,51.0,51.0,4901804,4901804,198906,4607,76,PASSED,118.91,short,PASSED,76,76,50.88,555455,198906,4901804,4901804,PASSED,PASSED,good,Escherichia coli,PASSED,GCF_003697165.2,1,Escherichia coli,100.0,97.58,Escherichia coli,100.0,PASSED,198906.0,100.0,0.08,124.0,50.8861,4916957.0,GC_Content >50.88,Escherichia coli,WARN,short,True,/gpfs3/well/aanensen/users/rva470/speccheck/speccheck/config/criteria.csv,94ca578103ce4fcd06e80c89e7d76ef7f29a6df0799aacfa92c0acd625506607,False,5,0,True,True,False,qualibact-v1.0,QualiBact Escherichia coli qualibact-v1.0,1.3.0,PASS,PASSED,none,warn-as-warn,Pinned QualiBact scheme for Escherichia coli,8,0,PASS,True,Escherichia coli,good,QualiBact Escherichia coli qualibact-v1.0,none
SAMN42744401,PASSED,PASSED,PASSED,PASSED,PASSED,PASSED,PASSED,PASSED,PASSED,PASSED,PASSED,PASSED,PASSED,PASSED,PASSED,PASSED,PASSED,68,100.0,0.08,176679,51.0,51.0,4904180,4904180,176679,4611,68,PASSED,91.36,short,PASSED,68,68,50.88,478732,176679,4904180,4904180,PASSED,PASSED,good,Escherichia coli,PASSED,GCF_003697165.2,1,Escherichia coli,100.0,97.57,Escherichia coli,100.0,PASSED,205587.0,100.0,0.08,110.0,50.8856,4914991.0,GC_Content >50.88,Escherichia coli,WARN,short,True,/gpfs3/well/aanensen/users/rva470/speccheck/speccheck/config/criteria.csv,94ca578103ce4fcd06e80c89e7d76ef7f29a6df0799aacfa92c0acd625506607,False,5,0,True,True,False,qualibact-v1.0,QualiBact Escherichia coli qualibact-v1.0,1.3.0,PASS,PASSED,none,warn-as-warn,Pinned QualiBact scheme for Escherichia coli,8,0,PASS,True,Escherichia coli,good,QualiBact Escherichia coli qualibact-v1.0,none
SAMN42744402,PASSED,PASSED,PASSED,PASSED,PASSED,PASSED,PASSED,PASSED,PASSED,PASSED,PASSED,PASSED,PASSED,PASSED,PASSED,PASSED,PASSED,86,100.0,0.08,182677,51.0,51.0,4893872,4893872,182677,4609,86,PASSED,32.63,short,PASSED,86,86,50.88,438498,182677,4893872,4893872,PASSED,PASSED,good,Escherichia coli,PASSED,GCF_003697165.2,1,Escherichia coli,100.0,97.55,Escherichia coli,100.0,PASSED,156429.0,100.0,0.08,147.0,50.8779,4912070.0,none,Escherichia coli,PASS,short,True,/gpfs3/well/aanensen/users/rva470/speccheck/speccheck/config/criteria.csv,94ca578103ce4fcd06e80c89e7d76ef7f29a6df0799aacfa92c0acd625506607,False,5,0,True,True,False,qualibact-v1.0,QualiBact Escherichia coli qualibact-v1.0,1.3.0,PASS,PASSED,none,warn-as-warn,Pinned QualiBact scheme for Escherichia coli,8,0,PASS,True,Escherichia coli,good,QualiBact Escherichia coli qualibact-v1.0,none
SAMN42744403,PASSED,PASSED,PASSED,PASSED,PASSED,PASSED,PASSED,PASSED,PASSED,PASSED,PASSED,PASSED,PASSED,PASSED,PASSED,PASSED,PASSED,70,100.0,0.08,198958,51.0,51.0,4903315,4903315,198958,4609,70,PASSED,85.82,short,PASSED,70,70,50.88,623689,198958,4903315,4903315,PASSED,PASSED,good,Escherichia coli,PASSED,GCF_003697165.2,1,Escherichia coli,100.0,97.58,Escherichia coli,100.0,PASSED,177018.0,100.0,0.08,122.0,50.8848,4918176.0,GC_Content >50.88,Escherichia coli,WARN,short,True,/gpfs3/well/aanensen/users/rva470/speccheck/speccheck/config/criteria.csv,94ca578103ce4fcd06e80c89e7d76ef7f29a6df0799aacfa92c0acd625506607,False,5,0,True,True,False,qualibact-v1.0,QualiBact Escherichia coli qualibact-v1.0,1.3.0,PASS,PASSED,none,warn-as-warn,Pinned QualiBact scheme for Escherichia coli,8,0,PASS,True,Escherichia coli,good,QualiBact Escherichia coli qualibact-v1.0,none
SAMN42744404,PASSED,PASSED,PASSED,PASSED,PASSED,PASSED,PASSED,PASSED,PASSED,PASSED,PASSED,PASSED,PASSED,PASSED,PASSED,PASSED,PASSED,75,100.0,0.08,199537,51.0,51.0,4900451,4900451,199537,4602,75,PASSED,56.16,short,PASSED,75,75,50.88,623343,199537,4900451,4900451,PASSED,PASSED,good,Escherichia coli,PASSED,GCF_003697165.2,1,Escherichia coli,100.0,97.56,Escherichia coli,100.0,PASSED,171258.0,100.0,0.08,145.0,50.8824,4918730.0,GC_Content >50.88,Escherichia coli,WARN,short,True,/gpfs3/well/aanensen/users/rva470/speccheck/speccheck/config/criteria.csv,94ca578103ce4fcd06e80c89e7d76ef7f29a6df0799aacfa92c0acd625506607,False,5,0,True,True,False,qualibact-v1.0,QualiBact Escherichia coli qualibact-v1.0,1.3.0,PASS,PASSED,none,warn-as-warn,Pinned QualiBact scheme for Escherichia coli,8,0,PASS,True,Escherichia coli,good,QualiBact Escherichia coli qualibact-v1.0,none
SAMN42744405,PASSED,PASSED,PASSED,PASSED,PASSED,PASSED,PASSED,PASSED,PASSED,PASSED,PASSED,PASSED,PASSED,PASSED,PASSED,PASSED,PASSED,78,100.0,0.08,176148,51.0,51.0,4900968,4900968,176148,4601,78,PASSED,109.93,short,PASSED,78,78,50.88,422858,176148,4900968,4900968,PASSED,PASSED,good,Escherichia coli,PASSED,GCF_003697165.2,1,Escherichia coli,100.0,97.57,Escherichia coli,100.0,PASSED,196784.0,100.0,0.08,124.0,50.887,4919350.0,GC_Content >50.88,Escherichia coli,WARN,short,True,/gpfs3/well/aanensen/users/rva470/speccheck/speccheck/config/criteria.csv,94ca578103ce4fcd06e80c89e7d76ef7f29a6df0799aacfa92c0acd625506607,False,5,0,True,True,False,qualibact-v1.0,QualiBact Escherichia coli qualibact-v1.0,1.3.0,PASS,PASSED,none,warn-as-warn,Pinned QualiBact scheme for Escherichia coli,8,0,PASS,True,Escherichia coli,good,QualiBact Escherichia coli qualibact-v1.0,none
SAMN42744406,PASSED,PASSED,PASSED,PASSED,PASSED,PASSED,PASSED,PASSED,PASSED,PASSED,PASSED,PASSED,PASSED,PASSED,PASSED,PASSED,PASSED,82,100.0,0.08,145188,51.0,51.0,4892715,4892715,145188,4596,82,PASSED,50.73,short,PASSED,82,82,50.87,438678,145188,4892715,4892715,PASSED,PASSED,good,Escherichia coli,PASSED,GCF_003697165.2,1,Escherichia coli,100.0,97.57,Escherichia coli,100.0,PASSED,184051.0,100.0,0.08,130.0,50.8809,4909039.0,GC_Content >50.88,Escherichia coli,WARN,short,True,/gpfs3/well/aanensen/users/rva470/speccheck/speccheck/config/criteria.csv,94ca578103ce4fcd06e80c89e7d76ef7f29a6df0799aacfa92c0acd625506607,False,5,0,True,True,False,qualibact-v1.0,QualiBact Escherichia coli qualibact-v1.0,1.3.0,PASS,PASSED,none,warn-as-warn,Pinned QualiBact scheme for Escherichia coli,8,0,PASS,True,Escherichia coli,good,QualiBact Escherichia coli qualibact-v1.0,none
SAMN42744407,PASSED,PASSED,PASSED,PASSED,PASSED,PASSED,PASSED,PASSED,PASSED,PASSED,PASSED,PASSED,PASSED,PASSED,PASSED,PASSED,PASSED,76,100.0,0.08,177018,51.0,51.0,4901460,4901460,177018,4605,76,PASSED,98.4,short,PASSED,76,76,50.88,422858,177018,4901460,4901460,PASSED,PASSED,good,Escherichia coli,PASSED,GCF_003697165.2,1,Escherichia coli,100.0,97.56,Escherichia coli,100.0,PASSED,171258.0,100.0,0.08,134.0,50.8847,4917645.0,GC_Content >50.88,Escherichia coli,WARN,short,True,/gpfs3/well/aanensen/users/rva470/speccheck/speccheck/config/criteria.csv,94ca578103ce4fcd06e80c89e7d76ef7f29a6df0799aacfa92c0acd625506607,False,5,0,True,True,False,qualibact-v1.0,QualiBact Escherichia coli qualibact-v1.0,1.3.0,PASS,PASSED,none,warn-as-warn,Pinned QualiBact scheme for Escherichia coli,8,0,PASS,True,Escherichia coli,good,QualiBact Escherichia coli qualibact-v1.0,none
SAMN42744408,PASSED,PASSED,PASSED,PASSED,PASSED,PASSED,PASSED,PASSED,PASSED,PASSED,PASSED,PASSED,PASSED,PASSED,PASSED,PASSED,PASSED,74,100.0,0.08,199369,51.0,51.0,4901397,4901397,199369,4605,74,PASSED,55.78,short,PASSED,74,74,50.88,425960,199369,4901397,4901397,PASSED,PASSED,good,Escherichia coli,PASSED,GCF_003697165.2,1,Escherichia coli,100.0,97.56,Escherichia coli,100.0,PASSED,199369.0,100.0,0.08,134.0,50.8844,4916935.0,GC_Content >50.88,Escherichia coli,WARN,short,True,/gpfs3/well/aanensen/users/rva470/speccheck/speccheck/config/criteria.csv,94ca578103ce4fcd06e80c89e7d76ef7f29a6df0799aacfa92c0acd625506607,False,5,0,True,True,False,qualibact-v1.0,QualiBact Escherichia coli qualibact-v1.0,1.3.0,PASS,PASSED,none,warn-as-warn,Pinned QualiBact scheme for Escherichia coli,8,0,PASS,True,Escherichia coli,good,QualiBact Escherichia coli qualibact-v1.0,none
SAMN42744409,PASSED,PASSED,PASSED,PASSED,PASSED,PASSED,PASSED,PASSED,PASSED,PASSED,PASSED,PASSED,PASSED,PASSED,PASSED,PASSED,PASSED,80,100.0,0.08,177018,51.0,51.0,4896123,4896123,177018,4599,80,PASSED,53.41,short,PASSED,80,80,50.88,623343,177018,4896123,4896123,PASSED,PASSED,good,Escherichia coli,PASSED,GCF_003697165.2,1,Escherichia coli,100.0,97.56,Escherichia coli,100.0,PASSED,148441.0,100.0,0.08,136.0,50.8797,4913181.0,none,Escherichia coli,PASS,short,True,/gpfs3/well/aanensen/users/rva470/speccheck/speccheck/config/criteria.csv,94ca578103ce4fcd06e80c89e7d76ef7f29a6df0799aacfa92c0acd625506607,False,5,0,True,True,False,qualibact-v1.0,QualiBact Escherichia coli qualibact-v1.0,1.3.0,PASS,PASSED,none,warn-as-warn,Pinned QualiBact scheme for Escherichia coli,8,0,PASS,True,Escherichia coli,good,QualiBact Escherichia coli qualibact-v1.0,none
SAMN42744410,PASSED,PASSED,PASSED,PASSED,PASSED,PASSED,PASSED,PASSED,PASSED,PASSED,PASSED,PASSED,PASSED,PASSED,PASSED,PASSED,PASSED,81,100.0,0.09,135476,51.0,51.0,4892832,4892832,135476,4589,81,PASSED,62.72,short,PASSED,81,81,50.87,436595,135476,4892832,4892832,PASSED,PASSED,good,Escherichia coli,PASSED,GCF_003697165.2,1,Escherichia coli,100.0,97.56,Escherichia coli,100.0,PASSED,135476.0,100.0,0.08,153.0,50.8807,4913981.0,GC_Content >50.88,Escherichia coli,WARN,short,True,/gpfs3/well/aanensen/users/rva470/speccheck/speccheck/config/criteria.csv,94ca578103ce4fcd06e80c89e7d76ef7f29a6df0799aacfa92c0acd625506607,False,5,0,True,True,False,qualibact-v1.0,QualiBact Escherichia coli qualibact-v1.0,1.3.0,PASS,PASSED,none,warn-as-warn,Pinned QualiBact scheme for Escherichia coli,8,0,PASS,True,Escherichia coli,good,QualiBact Escherichia coli qualibact-v1.0,none
SAMN42744411,PASSED,PASSED,PASSED,PASSED,PASSED,PASSED,PASSED,PASSED,PASSED,PASSED,PASSED,PASSED,PASSED,PASSED,PASSED,PASSED,PASSED,74,100.0,0.08,199369,51.0,51.0,4900119,4900119,199369,4604,74,PASSED,73.29,short,PASSED,74,74,50.88,623689,199369,4900119,4900119,PASSED,PASSED,good,Escherichia coli,PASSED,GCF_003697165.2,1,Escherichia coli,100.0,97.55,Escherichia coli,100.0,PASSED,176148.0,100.0,0.08,132.0,50.8814,4915519.0,GC_Content >50.88,Escherichia coli,WARN,short,True,/gpfs3/well/aanensen/users/rva470/speccheck/speccheck/config/criteria.csv,94ca578103ce4fcd06e80c89e7d76ef7f29a6df0799aacfa92c0acd625506607,False,5,0,True,True,False,qualibact-v1.0,QualiBact Escherichia coli qualibact-v1.0,1.3.0,PASS,PASSED,none,warn-as-warn,Pinned QualiBact scheme for Escherichia coli,8,0,PASS,True,Escherichia coli,good,QualiBact Escherichia coli qualibact-v1.0,none
SAMN42744412,PASSED,PASSED,PASSED,PASSED,PASSED,PASSED,PASSED,PASSED,PASSED,PASSED,PASSED,PASSED,PASSED,PASSED,PASSED,PASSED,PASSED,73,100.0,0.08,199589,51.0,51.0,4900582,4900582,199589,4605,73,PASSED,48.33,short,PASSED,73,73,50.88,623343,199589,4900582,4900582,PASSED,PASSED,good,Escherichia coli,PASSED,GCF_003697165.2,1,Escherichia coli,100.0,97.55,Escherichia coli,100.0,PASSED,199589.0,100.0,0.08,129.0,50.8831,4916427.0,GC_Content >50.88,Escherichia coli,WARN,short,True,/gpfs3/well/aanensen/users/rva470/speccheck/speccheck/config/criteria.csv,94ca578103ce4fcd06e80c89e7d76ef7f29a6df0799aacfa92c0acd625506607,False,5,0,True,True,False,qualibact-v1.0,QualiBact Escherichia coli qualibact-v1.0,1.3.0,PASS,PASSED,none,warn-as-warn,Pinned QualiBact scheme for Escherichia coli,8,0,PASS,True,Escherichia coli,good,QualiBact Escherichia coli qualibact-v1.0,none
SAMN42744413,PASSED,PASSED,PASSED,PASSED,PASSED,PASSED,PASSED,PASSED,PASSED,PASSED,PASSED,PASSED,PASSED,PASSED,PASSED,PASSED,PASSED,73,100.0,0.08,156427,51.0,51.0,4899931,4899931,156427,4605,73,PASSED,96.91,short,PASSED,73,73,50.88,623689,156427,4899931,4899931,PASSED,PASSED,good,Escherichia coli,PASSED,GCF_003697165.2,1,Escherichia coli,100.0,97.57,Escherichia coli,100.0,PASSED,176679.0,100.0,0.08,124.0,50.8795,4916251.0,none,Escherichia coli,PASS,short,True,/gpfs3/well/aanensen/users/rva470/speccheck/speccheck/config/criteria.csv,94ca578103ce4fcd06e80c89e7d76ef7f29a6df0799aacfa92c0acd625506607,False,5,0,True,True,False,qualibact-v1.0,QualiBact Escherichia coli qualibact-v1.0,1.3.0,PASS,PASSED,none,warn-as-warn,Pinned QualiBact scheme for Escherichia coli,8,0,PASS,True,Escherichia coli,good,QualiBact Escherichia coli qualibact-v1.0,none
SAMN42744414,PASSED,PASSED,PASSED,PASSED,PASSED,PASSED,PASSED,PASSED,PASSED,PASSED,PASSED,PASSED,PASSED,PASSED,PASSED,PASSED,PASSED,68,100.0,0.08,208992,51.0,51.0,4899821,4899821,208992,4603,68,PASSED,58.13,short,PASSED,68,68,50.88,623818,208992,4899821,4899821,PASSED,PASSED,good,Escherichia coli,PASSED,GCF_003697165.2,1,Escherichia coli,100.0,97.55,Escherichia coli,100.0,PASSED,208992.0,100.0,0.08,118.0,50.8834,4914362.0,GC_Content >50.88,Escherichia coli,WARN,short,True,/gpfs3/well/aanensen/users/rva470/speccheck/speccheck/config/criteria.csv,94ca578103ce4fcd06e80c89e7d76ef7f29a6df0799aacfa92c0acd625506607,False,5,0,True,True,False,qualibact-v1.0,QualiBact Escherichia coli qualibact-v1.0,1.3.0,PASS,PASSED,none,warn-as-warn,Pinned QualiBact scheme for Escherichia coli,8,0,PASS,True,Escherichia coli,good,QualiBact Escherichia coli qualibact-v1.0,none
SAMN42744415,PASSED,PASSED,PASSED,PASSED,PASSED,PASSED,PASSED,PASSED,PASSED,PASSED,PASSED,PASSED,PASSED,PASSED,PASSED,PASSED,PASSED,80,100.0,0.09,176156,51.0,51.0,4898570,4898570,176156,4604,80,PASSED,66.81,short,PASSED,80,80,50.88,623343,176156,4898570,4898570,PASSED,PASSED,good,Escherichia coli,PASSED,GCF_003697165.2,1,Escherichia coli,100.0,97.56,Escherichia coli,100.0,PASSED,177018.0,100.0,0.08,131.0,50.8819,4915240.0,GC_Content >50.88,Escherichia coli,WARN,short,True,/gpfs3/well/aanensen/users/rva470/speccheck/speccheck/config/criteria.csv,94ca578103ce4fcd06e80c89e7d76ef7f29a6df0799aacfa92c0acd625506607,False,5,0,True,True,False,qualibact-v1.0,QualiBact Escherichia coli qualibact-v1.0,1.3.0,PASS,PASSED,none,warn-as-warn,Pinned QualiBact scheme for Escherichia coli,8,0,PASS,True,Escherichia coli,good,QualiBact Escherichia coli qualibact-v1.0,none
SAMN42744416,PASSED,PASSED,PASSED,PASSED,PASSED,PASSED,PASSED,PASSED,PASSED,PASSED,PASSED,PASSED,PASSED,PASSED,PASSED,PASSED,PASSED,82,100.0,0.08,198958,51.0,51.0,4895457,4895457,198958,4608,82,PASSED,50.07,short,PASSED,82,82,50.87,623689,198958,4895457,4895457,PASSED,PASSED,good,Escherichia coli,PASSED,GCF_003697165.2,1,Escherichia coli,100.0,97.55,Escherichia coli,100.0,PASSED,177018.0,100.0,0.08,141.0,50.8745,4913024.0,none,Escherichia coli,PASS,short,True,/gpfs3/well/aanensen/users/rva470/speccheck/speccheck/config/criteria.csv,94ca578103ce4fcd06e80c89e7d76ef7f29a6df0799aacfa92c0acd625506607,False,5,0,True,True,False,qualibact-v1.0,QualiBact Escherichia coli qualibact-v1.0,1.3.0,PASS,PASSED,none,warn-as-warn,Pinned QualiBact scheme for Escherichia coli,8,0,PASS,True,Escherichia coli,good,QualiBact Escherichia coli qualibact-v1.0,none
SAMN42744418,PASSED,PASSED,PASSED,PASSED,PASSED,PASSED,PASSED,PASSED,PASSED,PASSED,PASSED,PASSED,PASSED,PASSED,PASSED,PASSED,PASSED,43,100.0,0.09,279495,51.0,51.0,5031920,5031920,279495,4803,43,PASSED,205.34,short,PASSED,43,43,50.8,609872,279495,5031920,5031920,PASSED,PASSED,good,Escherichia coli,PASSED,GCF_003697165.2,1,Escherichia coli,100.0,97.39,Escherichia coli,100.0,PASSED,279495.0,100.0,0.08,73.0,50.8042,5042226.0,none,Escherichia coli,PASS,short,True,/gpfs3/well/aanensen/users/rva470/speccheck/speccheck/config/criteria.csv,94ca578103ce4fcd06e80c89e7d76ef7f29a6df0799aacfa92c0acd625506607,False,5,0,True,True,False,qualibact-v1.0,QualiBact Escherichia coli qualibact-v1.0,1.3.0,PASS,PASSED,none,warn-as-warn,Pinned QualiBact scheme for Escherichia coli,8,0,PASS,True,Escherichia coli,good,QualiBact Escherichia coli qualibact-v1.0,none
SAMN42744419,PASSED,PASSED,PASSED,PASSED,PASSED,PASSED,PASSED,PASSED,PASSED,PASSED,PASSED,PASSED,PASSED,PASSED,PASSED,PASSED,PASSED,43,100.0,0.08,321759,51.0,51.0,5031653,5031653,321759,4804,43,PASSED,108.38,short,PASSED,43,43,50.79,610200,321759,5031653,5031653,PASSED,PASSED,good,Escherichia coli,PASSED,GCF_003697165.2,1,Escherichia coli,100.0,97.38,Escherichia coli,100.0,PASSED,321759.0,100.0,0.08,73.0,50.8029,5041131.0,none,Escherichia coli,PASS,short,True,/gpfs3/well/aanensen/users/rva470/speccheck/speccheck/config/criteria.csv,94ca578103ce4fcd06e80c89e7d76ef7f29a6df0799aacfa92c0acd625506607,False,5,0,True,True,False,qualibact-v1.0,QualiBact Escherichia coli qualibact-v1.0,1.3.0,PASS,PASSED,none,warn-as-warn,Pinned QualiBact scheme for Escherichia coli,8,0,PASS,True,Escherichia coli,good,QualiBact Escherichia coli qualibact-v1.0,none
SAMN42744420,PASSED,PASSED,PASSED,PASSED,PASSED,PASSED,PASSED,PASSED,PASSED,PASSED,PASSED,PASSED,PASSED,PASSED,PASSED,PASSED,PASSED,62,100.0,0.09,200400,51.0,51.0,5025641,5025641,200400,4802,62,PASSED,50.79,short,PASSED,62,62,50.79,609872,200400,5025641,5025641,PASSED,PASSED,good,Escherichia coli,PASSED,GCF_003697165.2,1,Escherichia coli,100.0,97.37,Escherichia coli,100.0,PASSED,200400.0,100.0,0.09,92.0,50.7932,5036356.0,none,Escherichia coli,PASS,short,True,/gpfs3/well/aanensen/users/rva470/speccheck/speccheck/config/criteria.csv,94ca578103ce4fcd06e80c89e7d76ef7f29a6df0799aacfa92c0acd625506607,False,5,0,True,True,False,qualibact-v1.0,QualiBact Escherichia coli qualibact-v1.0,1.3.0,PASS,PASSED,none,warn-as-warn,Pinned QualiBact scheme for Escherichia coli,8,0,PASS,True,Escherichia coli,good,QualiBact Escherichia coli qualibact-v1.0,none
SAMN42744421,PASSED,PASSED,PASSED,PASSED,PASSED,PASSED,PASSED,PASSED,PASSED,PASSED,PASSED,PASSED,PASSED,PASSED,PASSED,PASSED,PASSED,46,100.0,0.09,256567,51.0,51.0,5026887,5026887,256567,4792,46,PASSED,85.07,short,PASSED,46,46,50.81,610200,256567,5026887,5026887,PASSED,PASSED,good,Escherichia coli,PASSED,GCF_003697165.2,1,Escherichia coli,100.0,97.38,Escherichia coli,100.0,PASSED,260884.0,100.0,0.08,72.0,50.8185,5035569.0,none,Escherichia coli,PASS,short,True,/gpfs3/well/aanensen/users/rva470/speccheck/speccheck/config/criteria.csv,94ca578103ce4fcd06e80c89e7d76ef7f29a6df0799aacfa92c0acd625506607,False,5,0,True,True,False,qualibact-v1.0,QualiBact Escherichia coli qualibact-v1.0,1.3.0,PASS,PASSED,none,warn-as-warn,Pinned QualiBact scheme for Escherichia coli,8,0,PASS,True,Escherichia coli,good,QualiBact Escherichia coli qualibact-v1.0,none
SAMN42744422,PASSED,PASSED,PASSED,PASSED,PASSED,PASSED,PASSED,PASSED,PASSED,PASSED,PASSED,PASSED,PASSED,PASSED,PASSED,PASSED,PASSED,84,100.0,0.46,244756,51.0,51.0,5347772,5347772,244756,5067,84,PASSED,84.45,short,PASSED,84,84,50.68,572883,244756,5347772,5347772,PASSED,PASSED,good,Escherichia coli,PASSED,GCF_003697165.2,1,Escherichia coli,100.0,97.5,Escherichia coli,100.0,PASSED,202135.0,100.0,0.44,131.0,50.6861,5365334.0,none,Escherichia coli,PASS,short,True,/gpfs3/well/aanensen/users/rva470/speccheck/speccheck/config/criteria.csv,94ca578103ce4fcd06e80c89e7d76ef7f29a6df0799aacfa92c0acd625506607,False,5,0,True,True,False,qualibact-v1.0,QualiBact Escherichia coli qualibact-v1.0,1.3.0,PASS,PASSED,none,warn-as-warn,Pinned QualiBact scheme for Escherichia coli,8,0,PASS,True,Escherichia coli,good,QualiBact Escherichia coli qualibact-v1.0,none
SAMN42744423,PASSED,PASSED,PASSED,PASSED,PASSED,PASSED,PASSED,PASSED,PASSED,PASSED,PASSED,PASSED,PASSED,PASSED,PASSED,PASSED,PASSED,63,100.0,0.06,268501,51.0,51.0,5227819,5227819,268501,4930,63,PASSED,133.49,short,PASSED,63,63,50.69,626246,268501,5227819,5227819,PASSED,PASSED,good,Escherichia coli,PASSED,GCF_003697165.2,1,Escherichia coli,100.0,97.36,Escherichia coli,100.0,PASSED,293327.0,100.0,0.05,121.0,50.7124,5247371.0,none,Escherichia coli,PASS,short,True,/gpfs3/well/aanensen/users/rva470/speccheck/speccheck/config/criteria.csv,94ca578103ce4fcd06e80c89e7d76ef7f29a6df0799aacfa92c0acd625506607,False,5,0,True,True,False,qualibact-v1.0,QualiBact Escherichia coli qualibact-v1.0,1.3.0,PASS,PASSED,none,warn-as-warn,Pinned QualiBact scheme for Escherichia coli,8,0,PASS,True,Escherichia coli,good,QualiBact Escherichia coli qualibact-v1.0,none
SAMN42744424,PASSED,PASSED,PASSED,PASSED,PASSED,PASSED,PASSED,PASSED,PASSED,PASSED,PASSED,PASSED,PASSED,PASSED,PASSED,PASSED,PASSED,49,100.0,0.08,224816,51.0,51.0,4994949,4994949,224816,4756,49,PASSED,76.91,short,PASSED,49,49,50.86,610200,224816,4994949,4994949,PASSED,PASSED,good,Escherichia coli,PASSED,GCF_003697165.2,1,Escherichia coli,100.0,97.35,Escherichia coli,100.0,PASSED,224816.0,100.0,0.08,74.0,50.8715,5003969.0,none,Escherichia coli,PASS,short,True,/gpfs3/well/aanensen/users/rva470/speccheck/speccheck/config/criteria.csv,94ca578103ce4fcd06e80c89e7d76ef7f29a6df0799aacfa92c0acd625506607,False,5,0,True,True,False,qualibact-v1.0,QualiBact Escherichia coli qualibact-v1.0,1.3.0,PASS,PASSED,none,warn-as-warn,Pinned QualiBact scheme for Escherichia coli,8,0,PASS,True,Escherichia coli,good,QualiBact Escherichia coli qualibact-v1.0,none
SAMN42744425,PASSED,PASSED,PASSED,PASSED,PASSED,PASSED,PASSED,PASSED,PASSED,PASSED,PASSED,PASSED,PASSED,PASSED,PASSED,PASSED,PASSED,43,100.0,0.09,256567,51.0,51.0,5032637,5032637,256567,4805,43,PASSED,54.19,short,PASSED,43,43,50.79,609872,256567,5032637,5032637,PASSED,PASSED,good,Escherichia coli,PASSED,GCF_003697165.2,1,Escherichia coli,100.0,97.37,Escherichia coli,100.0,PASSED,256567.0,100.0,0.08,72.0,50.8003,5039191.0,none,Escherichia coli,PASS,short,True,/gpfs3/well/aanensen/users/rva470/speccheck/speccheck/config/criteria.csv,94ca578103ce4fcd06e80c89e7d76ef7f29a6df0799aacfa92c0acd625506607,False,5,0,True,True,False,qualibact-v1.0,QualiBact Escherichia coli qualibact-v1.0,1.3.0,PASS,PASSED,none,warn-as-warn,Pinned QualiBact scheme for Escherichia coli,8,0,PASS,True,Escherichia coli,good,QualiBact Escherichia coli qualibact-v1.0,none
SAMN42744426,PASSED,PASSED,PASSED,PASSED,PASSED,PASSED,PASSED,PASSED,PASSED,PASSED,PASSED,PASSED,PASSED,PASSED,PASSED,PASSED,PASSED,73,100.0,0.98,181737,51.0,51.0,5162995,5162995,181737,4882,73,PASSED,173.61,short,PASSED,73,73,50.53,533007,181737,5162995,5162995,PASSED,PASSED,good,Escherichia coli,PASSED,GCF_003697165.2,1,Escherichia coli,100.0,99.06,Escherichia coli,100.0,PASSED,215407.0,100.0,1.0,110.0,50.5292,5174111.0,none,Escherichia coli,PASS,short,True,/gpfs3/well/aanensen/users/rva470/speccheck/speccheck/config/criteria.csv,94ca578103ce4fcd06e80c89e7d76ef7f29a6df0799aacfa92c0acd625506607,False,5,0,True,True,False,qualibact-v1.0,QualiBact Escherichia coli qualibact-v1.0,1.3.0,PASS,PASSED,none,warn-as-warn,Pinned QualiBact scheme for Escherichia coli,8,0,PASS,True,Escherichia coli,good,QualiBact Escherichia coli qualibact-v1.0,none
SAMN42744427,PASSED,PASSED,PASSED,PASSED,PASSED,PASSED,PASSED,PASSED,PASSED,PASSED,PASSED,PASSED,PASSED,PASSED,PASSED,PASSED,PASSED,66,100.0,0.99,267412,51.0,51.0,5163584,5163584,267412,4886,66,PASSED,96.36,short,PASSED,66,66,50.53,434708,267412,5163584,5163584,PASSED,PASSED,good,Escherichia coli,PASSED,GCF_003697165.2,1,Escherichia coli,100.0,99.06,Escherichia coli,100.0,PASSED,275546.0,100.0,1.01,105.0,50.5295,5174798.0,none,Escherichia coli,PASS,short,True,/gpfs3/well/aanensen/users/rva470/speccheck/speccheck/config/criteria.csv,94ca578103ce4fcd06e80c89e7d76ef7f29a6df0799aacfa92c0acd625506607,False,5,0,True,True,False,qualibact-v1.0,QualiBact Escherichia coli qualibact-v1.0,1.3.0,PASS,PASSED,none,warn-as-warn,Pinned QualiBact scheme for Escherichia coli,8,0,PASS,True,Escherichia coli,good,QualiBact Escherichia coli qualibact-v1.0,none
SAMN42744428,PASSED,PASSED,PASSED,PASSED,PASSED,PASSED,PASSED,PASSED,PASSED,PASSED,PASSED,PASSED,PASSED,PASSED,PASSED,PASSED,PASSED,76,100.0,0.98,181737,51.0,51.0,5170588,5170588,181737,4892,76,PASSED,141.97,short,PASSED,76,76,50.51,533007,181737,5170588,5170588,PASSED,PASSED,good,Escherichia coli,PASSED,GCF_003697165.2,1,Escherichia coli,100.0,99.06,Escherichia coli,100.0,PASSED,170530.0,100.0,1.0,111.0,50.5121,5182467.0,none,Escherichia coli,PASS,short,True,/gpfs3/well/aanensen/users/rva470/speccheck/speccheck/config/criteria.csv,94ca578103ce4fcd06e80c89e7d76ef7f29a6df0799aacfa92c0acd625506607,False,5,0,True,True,False,qualibact-v1.0,QualiBact Escherichia coli qualibact-v1.0,1.3.0,PASS,PASSED,none,warn-as-warn,Pinned QualiBact scheme for Escherichia coli,8,0,PASS,True,Escherichia coli,good,QualiBact Escherichia coli qualibact-v1.0,none
SAMN42744430,PASSED,PASSED,PASSED,PASSED,PASSED,PASSED,PASSED,PASSED,PASSED,PASSED,PASSED,PASSED,PASSED,PASSED,PASSED,PASSED,PASSED,48,100.0,0.09,321175,51.0,51.0,5031207,5031207,321175,4801,48,PASSED,100.8,short,PASSED,48,48,50.8,610200,321175,5031207,5031207,PASSED,PASSED,good,Escherichia coli,PASSED,GCF_003697165.2,1,Escherichia coli,100.0,97.39,Escherichia coli,100.0,PASSED,271924.0,100.0,0.08,71.0,50.8021,5040987.0,none,Escherichia coli,PASS,short,True,/gpfs3/well/aanensen/users/rva470/speccheck/speccheck/config/criteria.csv,94ca578103ce4fcd06e80c89e7d76ef7f29a6df0799aacfa92c0acd625506607,False,5,0,True,True,False,qualibact-v1.0,QualiBact Escherichia coli qualibact-v1.0,1.3.0,PASS,PASSED,none,warn-as-warn,Pinned QualiBact scheme for Escherichia coli,8,0,PASS,True,Escherichia coli,good,QualiBact Escherichia coli qualibact-v1.0,none
SAMN42744646,PASSED,PASSED,PASSED,PASSED,PASSED,PASSED,PASSED,PASSED,PASSED,PASSED,PASSED,PASSED,PASSED,PASSED,PASSED,PASSED,PASSED,139,100.0,0.34,126359,50.0,50.0,5066673,5066673,126359,4897,139,PASSED,74.67,short,PASSED,139,139,50.32,223188,126359,5066673,5066673,PASSED,PASSED,good,Escherichia coli,PASSED,GCF_003697165.2,1,Escherichia coli,100.0,97.4,Escherichia coli,100.0,PASSED,131769.0,100.0,0.4,231.0,50.3371,5102497.0,none,Escherichia coli,PASS,short,True,/gpfs3/well/aanensen/users/rva470/speccheck/speccheck/config/criteria.csv,94ca578103ce4fcd06e80c89e7d76ef7f29a6df0799aacfa92c0acd625506607,False,5,0,True,True,False,qualibact-v1.0,QualiBact Escherichia coli qualibact-v1.0,1.3.0,PASS,PASSED,none,warn-as-warn,Pinned QualiBact scheme for Escherichia coli,8,0,PASS,True,Escherichia coli,good,QualiBact Escherichia coli qualibact-v1.0,none
SAMN42744647,PASSED,PASSED,PASSED,PASSED,PASSED,PASSED,PASSED,PASSED,PASSED,PASSED,PASSED,PASSED,PASSED,PASSED,PASSED,PASSED,PASSED,94,100.0,0.14,137568,51.0,51.0,4745431,4745431,137568,4510,94,PASSED,52.6,short,PASSED,94,94,50.62,292754,137568,4745431,4745431,PASSED,PASSED,good,Escherichia coli,PASSED,GCF_003697165.2,1,Escherichia coli,100.0,97.25,Escherichia coli,100.0,PASSED,137568.0,100.0,0.03,134.0,50.6287,4758218.0,none,Escherichia coli,PASS,short,True,/gpfs3/well/aanensen/users/rva470/speccheck/speccheck/config/criteria.csv,94ca578103ce4fcd06e80c89e7d76ef7f29a6df0799aacfa92c0acd625506607,False,5,0,True,True,False,qualibact-v1.0,QualiBact Escherichia coli qualibact-v1.0,1.3.0,PASS,PASSED,none,warn-as-warn,Pinned QualiBact scheme for Escherichia coli,8,0,PASS,True,Escherichia coli,good,QualiBact Escherichia coli qualibact-v1.0,none
SAMN42764205,PASSED,PASSED,PASSED,PASSED,PASSED,PASSED,PASSED,PASSED,PASSED,PASSED,PASSED,PASSED,PASSED,PASSED,PASSED,PASSED,PASSED,113,100.0,0.6,134071,51.0,51.0,5436796,5436796,134071,5133,113,PASSED,70.44,short,PASSED,113,113,50.59,579877,134071,5436796,5436796,PASSED,PASSED,good,Escherichia coli,PASSED,GCF_003697165.2,1,Escherichia coli,100.0,97.56,Escherichia coli,100.0,PASSED,145048.0,100.0,0.69,169.0,50.613,5469030.0,none,Escherichia coli,PASS,short,True,/gpfs3/well/aanensen/users/rva470/speccheck/speccheck/config/criteria.csv,94ca578103ce4fcd06e80c89e7d76ef7f29a6df0799aacfa92c0acd625506607,False,5,0,True,True,False,qualibact-v1.0,QualiBact Escherichia coli qualibact-v1.0,1.3.0,PASS,PASSED,none,warn-as-warn,Pinned QualiBact scheme for Escherichia coli,8,0,PASS,True,Escherichia coli,good,QualiBact Escherichia coli qualibact-v1.0,none
SAMN42764206,PASSED,PASSED,PASSED,PASSED,PASSED,PASSED,PASSED,PASSED,PASSED,PASSED,PASSED,PASSED,PASSED,PASSED,PASSED,PASSED,PASSED,139,100.0,0.8,90113,50.0,50.0,5425996,5425996,90113,5114,139,PASSED,74.7,short,PASSED,139,139,50.45,416294,90113,5425996,5425996,PASSED,PASSED,good,Escherichia coli,PASSED,GCF_003697165.2,1,Escherichia coli,100.0,97.56,Escherichia coli,100.0,PASSED,94018.0,100.0,0.83,259.0,50.4669,5473346.0,none,Escherichia coli,PASS,short,True,/gpfs3/well/aanensen/users/rva470/speccheck/speccheck/config/criteria.csv,94ca578103ce4fcd06e80c89e7d76ef7f29a6df0799aacfa92c0acd625506607,False,5,0,True,True,False,qualibact-v1.0,QualiBact Escherichia coli qualibact-v1.0,1.3.0,PASS,PASSED,none,warn-as-warn,Pinned QualiBact scheme for Escherichia coli,8,0,PASS,True,Escherichia coli,good,QualiBact Escherichia coli qualibact-v1.0,none
SAMN42764349,PASSED,PASSED,PASSED,PASSED,PASSED,PASSED,PASSED,PASSED,PASSED,PASSED,PASSED,PASSED,PASSED,PASSED,PASSED,PASSED,PASSED,234,100.0,0.31,118054,50.0,50.0,5441675,5441675,118054,5474,234,PASSED,50.21,short,PASSED,234,234,50.48,230587,118054,5441675,5441675,PASSED,PASSED,good,Escherichia coli,PASSED,GCF_003697165.2,1,Escherichia coli,100.0,97.38,Escherichia coli,100.0,PASSED,118054.0,100.0,0.31,483.0,50.5131,5524219.0,none,Escherichia coli,PASS,short,True,/gpfs3/well/aanensen/users/rva470/speccheck/speccheck/config/criteria.csv,94ca578103ce4fcd06e80c89e7d76ef7f29a6df0799aacfa92c0acd625506607,False,5,0,True,True,False,qualibact-v1.0,QualiBact Escherichia coli qualibact-v1.0,1.3.0,PASS,PASSED,none,warn-as-warn,Pinned QualiBact scheme for Escherichia coli,8,0,PASS,True,Escherichia coli,good,QualiBact Escherichia coli qualibact-v1.0,none
SAMN42764350,PASSED,PASSED,PASSED,PASSED,PASSED,PASSED,PASSED,PASSED,PASSED,PASSED,PASSED,PASSED,PASSED,PASSED,PASSED,PASSED,PASSED,206,100.0,0.38,182288,51.0,51.0,5512724,5512724,182288,5512,206,PASSED,65.42,short,PASSED,206,206,50.56,351085,182288,5512724,5512724,PASSED,PASSED,good,Escherichia coli,PASSED,GCF_003697165.2,1,Escherichia coli,100.0,97.36,Escherichia coli,100.0,PASSED,182288.0,100.0,0.42,427.0,50.5977,5590938.0,none,Escherichia coli,PASS,short,True,/gpfs3/well/aanensen/users/rva470/speccheck/speccheck/config/criteria.csv,94ca578103ce4fcd06e80c89e7d76ef7f29a6df0799aacfa92c0acd625506607,False,5,0,True,True,False,qualibact-v1.0,QualiBact Escherichia coli qualibact-v1.0,1.3.0,PASS,PASSED,none,warn-as-warn,Pinned QualiBact scheme for Escherichia coli,8,0,PASS,True,Escherichia coli,good,QualiBact Escherichia coli qualibact-v1.0,none
SAMN42764352,PASSED,PASSED,PASSED,PASSED,PASSED,PASSED,PASSED,PASSED,PASSED,PASSED,PASSED,PASSED,FAILED,FAILED,PASSED,PASSED,PASSED,329,100.0,0.14,33229,50.0,50.0,4482070,4482070,33229,4724,329,PASSED,68.42,short,PASSED,329,329,50.4,90195,33229,4482070,4482070,PASSED,FAILED,good,Shigella flexneri,PASSED,GCF_003697165.2,1,Escherichia coli,100.0,96.97,Escherichia coli,100.0,FAILED,32673.0,100.0,0.2,543.0,50.4002,4540293.0,none,Escherichia coli,PASS,short,True,/gpfs3/well/aanensen/users/rva470/speccheck/speccheck/config/criteria.csv,94ca578103ce4fcd06e80c89e7d76ef7f29a6df0799aacfa92c0acd625506607,False,5,0,True,False,False,qualibact-v1.0,QualiBact Escherichia coli qualibact-v1.0,1.3.0,NOT_AVAILABLE,NOT_AVAILABLE,No pinned QualiBact scheme for species,warn-as-warn,not available,0,0,NOT_AVAILABLE,True,Shigella flexneri,good,QualiBact Escherichia coli qualibact-v1.0,No pinned QualiBact scheme for species
SAMN42764354,PASSED,PASSED,PASSED,PASSED,PASSED,PASSED,PASSED,PASSED,PASSED,PASSED,PASSED,PASSED,FAILED,FAILED,PASSED,PASSED,PASSED,365,100.0,0.0,25362,51.0,51.0,4451925,4451925,25362,4559,365,PASSED,74.68,short,PASSED,365,365,50.84,88005,25362,4451925,4451925,PASSED,FAILED,good,Shigella sonnei,PASSED,GCF_003697165.2,1,Escherichia coli,100.0,97.08,Escherichia coli,100.0,FAILED,25362.0,100.0,0.0,512.0,50.8368,4499145.0,none,Escherichia coli,PASS,short,True,/gpfs3/well/aanensen/users/rva470/speccheck/speccheck/config/criteria.csv,94ca578103ce4fcd06e80c89e7d76ef7f29a6df0799aacfa92c0acd625506607,False,5,0,True,False,False,qualibact-v1.0,QualiBact Escherichia coli qualibact-v1.0,1.3.0,NOT_AVAILABLE,NOT_AVAILABLE,No pinned QualiBact scheme for species,warn-as-warn,not available,0,0,NOT_AVAILABLE,True,Shigella sonnei,good,QualiBact Escherichia coli qualibact-v1.0,No pinned QualiBact scheme for species
SAMN42764356,PASSED,PASSED,PASSED,PASSED,PASSED,PASSED,PASSED,PASSED,PASSED,PASSED,PASSED,PASSED,FAILED,FAILED,PASSED,PASSED,PASSED,350,100.0,0.48,31449,51.0,51.0,4568793,4568793,31449,4793,350,PASSED,44.37,short,PASSED,350,350,50.52,137244,31449,4568793,4568793,PASSED,FAILED,good,Shigella flexneri,PASSED,GCF_003697165.2,1,Escherichia coli,100.0,96.94,Escherichia coli,100.0,FAILED,33705.0,100.0,0.49,557.0,50.5207,4632630.0,none,Escherichia coli,PASS,short,True,/gpfs3/well/aanensen/users/rva470/speccheck/speccheck/config/criteria.csv,94ca578103ce4fcd06e80c89e7d76ef7f29a6df0799aacfa92c0acd625506607,False,5,0,True,False,False,qualibact-v1.0,QualiBact Escherichia coli qualibact-v1.0,1.3.0,NOT_AVAILABLE,NOT_AVAILABLE,No pinned QualiBact scheme for species,warn-as-warn,not available,0,0,NOT_AVAILABLE,True,Shigella flexneri,good,QualiBact Escherichia coli qualibact-v1.0,No pinned QualiBact scheme for species
SAMN42764594,PASSED,PASSED,PASSED,PASSED,PASSED,PASSED,PASSED,PASSED,PASSED,PASSED,PASSED,PASSED,PASSED,PASSED,PASSED,PASSED,PASSED,214,100.0,0.3,135589,51.0,51.0,5351895,5351895,135589,5348,214,PASSED,48.43,short,PASSED,214,214,50.6,336843,135589,5351895,5351895,PASSED,PASSED,good,Escherichia coli,PASSED,GCF_003697165.2,1,Escherichia coli,100.0,97.35,Escherichia coli,100.0,PASSED,135589.0,100.0,0.33,440.0,50.6388,5425440.0,none,Escherichia coli,PASS,short,True,/gpfs3/well/aanensen/users/rva470/speccheck/speccheck/config/criteria.csv,94ca578103ce4fcd06e80c89e7d76ef7f29a6df0799aacfa92c0acd625506607,False,5,0,True,True,False,qualibact-v1.0,QualiBact Escherichia coli qualibact-v1.0,1.3.0,PASS,PASSED,none,warn-as-warn,Pinned QualiBact scheme for Escherichia coli,8,0,PASS,True,Escherichia coli,good,QualiBact Escherichia coli qualibact-v1.0,none
SAMN42764595,PASSED,PASSED,PASSED,PASSED,PASSED,PASSED,PASSED,PASSED,PASSED,PASSED,PASSED,PASSED,PASSED,PASSED,PASSED,PASSED,PASSED,229,100.0,0.29,124770,51.0,51.0,5420315,5420315,124770,5408,229,PASSED,34.27,short,PASSED,229,229,50.53,336828,124770,5420315,5420315,PASSED,PASSED,good,Escherichia coli,PASSED,GCF_003697165.2,1,Escherichia coli,100.0,97.36,Escherichia coli,100.0,PASSED,135589.0,100.0,0.31,451.0,50.5744,5493683.0,none,Escherichia coli,PASS,short,True,/gpfs3/well/aanensen/users/rva470/speccheck/speccheck/config/criteria.csv,94ca578103ce4fcd06e80c89e7d76ef7f29a6df0799aacfa92c0acd625506607,False,5,0,True,True,False,qualibact-v1.0,QualiBact Escherichia coli qualibact-v1.0,1.3.0,PASS,PASSED,none,warn-as-warn,Pinned QualiBact scheme for Escherichia coli,8,0,PASS,True,Escherichia coli,good,QualiBact Escherichia coli qualibact-v1.0,none
SAMN42764596,PASSED,PASSED,PASSED,PASSED,PASSED,PASSED,PASSED,PASSED,PASSED,PASSED,PASSED,PASSED,PASSED,PASSED,PASSED,PASSED,PASSED,235,100.0,0.29,135589,50.0,50.0,5557044,5557044,135589,5534,235,PASSED,53.97,short,PASSED,235,235,50.44,311675,135589,5557044,5557044,PASSED,PASSED,good,Escherichia coli,PASSED,GCF_003697165.2,1,Escherichia coli,100.0,97.38,Escherichia coli,100.0,PASSED,135589.0,100.0,0.32,436.0,50.4753,5626770.0,none,Escherichia coli,PASS,short,True,/gpfs3/well/aanensen/users/rva470/speccheck/speccheck/config/criteria.csv,94ca578103ce4fcd06e80c89e7d76ef7f29a6df0799aacfa92c0acd625506607,False,5,0,True,True,False,qualibact-v1.0,QualiBact Escherichia coli qualibact-v1.0,1.3.0,PASS,PASSED,none,warn-as-warn,Pinned QualiBact scheme for Escherichia coli,8,0,PASS,True,Escherichia coli,good,QualiBact Escherichia coli qualibact-v1.0,none
SAMN42764691,PASSED,PASSED,PASSED,PASSED,PASSED,PASSED,PASSED,PASSED,PASSED,PASSED,PASSED,PASSED,PASSED,PASSED,PASSED,PASSED,PASSED,215,100.0,0.25,157662,50.0,50.0,5367988,5367988,157662,5274,215,PASSED,104.38,short,PASSED,215,215,50.49,344806,157662,5367988,5367988,PASSED,PASSED,good,Escherichia coli,PASSED,GCF_003697165.2,1,Escherichia coli,100.0,97.33,Escherichia coli,100.0,PASSED,145267.0,100.0,0.25,457.0,50.5275,5439909.0,none,Escherichia coli,PASS,short,True,/gpfs3/well/aanensen/users/rva470/speccheck/speccheck/config/criteria.csv,94ca578103ce4fcd06e80c89e7d76ef7f29a6df0799aacfa92c0acd625506607,False,5,0,True,True,False,qualibact-v1.0,QualiBact Escherichia coli qualibact-v1.0,1.3.0,PASS,PASSED,none,warn-as-warn,Pinned QualiBact scheme for Escherichia coli,8,0,PASS,True,Escherichia coli,good,QualiBact Escherichia coli qualibact-v1.0,none
SAMN42764692,PASSED,PASSED,PASSED,PASSED,PASSED,PASSED,PASSED,PASSED,PASSED,PASSED,PASSED,PASSED,PASSED,PASSED,PASSED,PASSED,PASSED,205,100.0,0.16,99677,50.0,50.0,5197183,5197183,99677,5174,205,PASSED,83.1,short,PASSED,205,205,50.45,370595,99677,5197183,5197183,PASSED,PASSED,good,Escherichia coli,PASSED,GCF_003697165.2,1,Escherichia coli,100.0,97.28,Escherichia coli,100.0,PASSED,99677.0,100.0,0.16,459.0,50.4885,5273829.0,none,Escherichia coli,PASS,short,True,/gpfs3/well/aanensen/users/rva470/speccheck/speccheck/config/criteria.csv,94ca578103ce4fcd06e80c89e7d76ef7f29a6df0799aacfa92c0acd625506607,False,5,0,True,True,False,qualibact-v1.0,QualiBact Escherichia coli qualibact-v1.0,1.3.0,PASS,PASSED,none,warn-as-warn,Pinned QualiBact scheme for Escherichia coli,8,0,PASS,True,Escherichia coli,good,QualiBact Escherichia coli qualibact-v1.0,none
SAMN42764693,PASSED,PASSED,PASSED,PASSED,PASSED,PASSED,PASSED,PASSED,PASSED,PASSED,PASSED,PASSED,PASSED,PASSED,PASSED,PASSED,PASSED,284,100.0,0.24,99132,50.0,50.0,5560082,5560082,99132,5642,284,PASSED,78.03,short,PASSED,284,284,50.38,244621,99132,5560082,5560082,PASSED,PASSED,good,Escherichia coli,PASSED,GCF_003697165.2,1,Escherichia coli,100.0,97.43,Escherichia coli,100.0,PASSED,115095.0,100.0,0.24,601.0,50.4292,5658541.0,no_of_contigs >600.0; Total_Coding_Sequences >5800.0,Escherichia coli,WARN,short,True,/gpfs3/well/aanensen/users/rva470/speccheck/speccheck/config/criteria.csv,94ca578103ce4fcd06e80c89e7d76ef7f29a6df0799aacfa92c0acd625506607,False,5,0,True,True,False,qualibact-v1.0,QualiBact Escherichia coli qualibact-v1.0,1.3.0,PASS,PASSED,none,warn-as-warn,Pinned QualiBact scheme for Escherichia coli,8,0,PASS,True,Escherichia coli,good,QualiBact Escherichia coli qualibact-v1.0,none
SAMN42764694,PASSED,PASSED,PASSED,PASSED,PASSED,PASSED,PASSED,PASSED,PASSED,PASSED,PASSED,PASSED,PASSED,PASSED,PASSED,PASSED,PASSED,246,100.0,0.23,101184,50.0,50.0,5493116,5493116,101184,5516,246,PASSED,84.3,short,PASSED,246,246,50.4,317743,101184,5493116,5493116,PASSED,PASSED,good,Escherichia coli,PASSED,GCF_003697165.2,1,Escherichia coli,100.0,97.4,Escherichia coli,100.0,PASSED,101161.0,100.0,0.23,503.0,50.4443,5571440.0,none,Escherichia coli,PASS,short,True,/gpfs3/well/aanensen/users/rva470/speccheck/speccheck/config/criteria.csv,94ca578103ce4fcd06e80c89e7d76ef7f29a6df0799aacfa92c0acd625506607,False,5,0,True,True,False,qualibact-v1.0,QualiBact Escherichia coli qualibact-v1.0,1.3.0,PASS,PASSED,none,warn-as-warn,Pinned QualiBact scheme for Escherichia coli,8,0,PASS,True,Escherichia coli,good,QualiBact Escherichia coli qualibact-v1.0,none
SAMN42764697,PASSED,PASSED,PASSED,PASSED,PASSED,PASSED,PASSED,PASSED,PASSED,PASSED,PASSED,PASSED,PASSED,PASSED,PASSED,PASSED,PASSED,150,100.0,0.16,163093,51.0,51.0,4887108,4887108,163093,4692,150,PASSED,48.14,short,PASSED,150,150,50.64,435272,163093,4887108,4887108,PASSED,PASSED,good,Escherichia coli,PASSED,GCF_003697165.2,1,Escherichia coli,100.0,97.29,Escherichia coli,100.0,PASSED,188268.0,100.0,0.59,155.0,50.6543,4955082.0,none,Escherichia coli,PASS,short,True,/gpfs3/well/aanensen/users/rva470/speccheck/speccheck/config/criteria.csv,94ca578103ce4fcd06e80c89e7d76ef7f29a6df0799aacfa92c0acd625506607,False,5,0,True,True,False,qualibact-v1.0,QualiBact Escherichia coli qualibact-v1.0,1.3.0,PASS,PASSED,none,warn-as-warn,Pinned QualiBact scheme for Escherichia coli,8,0,PASS,True,Escherichia coli,good,QualiBact Escherichia coli qualibact-v1.0,none
SAMN42764698,PASSED,PASSED,PASSED,PASSED,PASSED,PASSED,PASSED,PASSED,PASSED,PASSED,PASSED,PASSED,PASSED,PASSED,PASSED,PASSED,PASSED,307,100.0,0.39,90639,50.0,50.0,5497684,5497684,90639,5594,307,PASSED,66.54,short,PASSED,307,307,50.22,203846,90639,5497684,5497684,PASSED,PASSED,good,Escherichia coli,PASSED,GCF_003697165.2,1,Escherichia coli,100.0,97.33,Escherichia coli,100.0,PASSED,90639.0,100.0,0.35,532.0,50.2482,5580317.0,Total_Coding_Sequences >5800.0; GC_Content <50.25,Escherichia coli,WARN,short,True,/gpfs3/well/aanensen/users/rva470/speccheck/speccheck/config/criteria.csv,94ca578103ce4fcd06e80c89e7d76ef7f29a6df0799aacfa92c0acd625506607,False,5,0,True,True,False,qualibact-v1.0,QualiBact Escherichia coli qualibact-v1.0,1.3.0,WARN,PASSED,GC_Content <50.25,warn-as-warn,Pinned QualiBact scheme for Escherichia coli,8,0,WARN,True,Escherichia coli,good,QualiBact Escherichia coli qualibact-v1.0,GC_Content <50.25
SAMN42764699,PASSED,PASSED,PASSED,PASSED,PASSED,PASSED,PASSED,PASSED,PASSED,PASSED,PASSED,PASSED,PASSED,PASSED,PASSED,PASSED,PASSED,135,100.0,0.23,165900,51.0,51.0,4921757,4921757,165900,4712,135,PASSED,37.45,short,PASSED,135,135,50.64,463633,165900,4921757,4921757,PASSED,PASSED,good,Escherichia coli,PASSED,GCF_003697165.2,1,Escherichia coli,100.0,97.28,Escherichia coli,100.0,PASSED,230306.0,100.0,0.62,152.0,50.6581,4950340.0,none,Escherichia coli,PASS,short,True,/gpfs3/well/aanensen/users/rva470/speccheck/speccheck/config/criteria.csv,94ca578103ce4fcd06e80c89e7d76ef7f29a6df0799aacfa92c0acd625506607,False,5,0,True,True,False,qualibact-v1.0,QualiBact Escherichia coli qualibact-v1.0,1.3.0,PASS,PASSED,none,warn-as-warn,Pinned QualiBact scheme for Escherichia coli,8,0,PASS,True,Escherichia coli,good,QualiBact Escherichia coli qualibact-v1.0,none
SAMN42764700,PASSED,PASSED,PASSED,PASSED,PASSED,PASSED,PASSED,PASSED,PASSED,PASSED,PASSED,PASSED,PASSED,PASSED,PASSED,PASSED,PASSED,138,100.0,0.18,210905,51.0,51.0,5297478,5297478,210905,5149,138,PASSED,44.84,short,PASSED,138,138,50.61,591732,210905,5297478,5297478,PASSED,PASSED,good,Escherichia coli,PASSED,GCF_003697165.2,1,Escherichia coli,100.0,97.33,Escherichia coli,100.0,PASSED,240889.0,100.0,0.2,205.0,50.6328,5331484.0,none,Escherichia coli,PASS,short,True,/gpfs3/well/aanensen/users/rva470/speccheck/speccheck/config/criteria.csv,94ca578103ce4fcd06e80c89e7d76ef7f29a6df0799aacfa92c0acd625506607,False,5,0,True,True,False,qualibact-v1.0,QualiBact Escherichia coli qualibact-v1.0,1.3.0,PASS,PASSED,none,warn-as-warn,Pinned QualiBact scheme for Escherichia coli,8,0,PASS,True,Escherichia coli,good,QualiBact Escherichia coli qualibact-v1.0,none
SAMN42764701,PASSED,PASSED,PASSED,PASSED,PASSED,PASSED,PASSED,PASSED,PASSED,PASSED,PASSED,PASSED,PASSED,PASSED,PASSED,PASSED,PASSED,197,100.0,0.55,130515,50.0,50.0,5461046,5461046,130515,5344,197,PASSED,59.79,short,PASSED,197,197,50.23,480010,130515,5461046,5461046,PASSED,PASSED,good,Escherichia coli,PASSED,GCF_003697165.2,1,Escherichia coli,100.0,97.3,Escherichia coli,100.0,PASSED,114117.0,100.0,0.46,283.0,50.2507,5493429.0,none,Escherichia coli,PASS,short,True,/gpfs3/well/aanensen/users/rva470/speccheck/speccheck/config/criteria.csv,94ca578103ce4fcd06e80c89e7d76ef7f29a6df0799aacfa92c0acd625506607,False,5,0,True,True,False,qualibact-v1.0,QualiBact Escherichia coli qualibact-v1.0,1.3.0,WARN,PASSED,GC_Content <50.25,warn-as-warn,Pinned QualiBact scheme for Escherichia coli,8,0,WARN,True,Escherichia coli,good,QualiBact Escherichia coli qualibact-v1.0,GC_Content <50.25
SAMN42764702,PASSED,PASSED,PASSED,PASSED,PASSED,PASSED,PASSED,PASSED,PASSED,PASSED,PASSED,PASSED,PASSED,PASSED,PASSED,PASSED,PASSED,89,100.0,0.71,276532,51.0,51.0,4809569,4809569,276532,4545,89,PASSED,56.27,short,PASSED,89,89,50.63,554531,276532,4809569,4809569,PASSED,PASSED,good,Escherichia coli,PASSED,GCF_003697165.2,1,Escherichia coli,100.0,97.26,Escherichia coli,100.0,PASSED,259403.0,100.0,0.79,109.0,50.6445,4825599.0,none,Escherichia coli,PASS,short,True,/gpfs3/well/aanensen/users/rva470/speccheck/speccheck/config/criteria.csv,94ca578103ce4fcd06e80c89e7d76ef7f29a6df0799aacfa92c0acd625506607,False,5,0,True,True,False,qualibact-v1.0,QualiBact Escherichia coli qualibact-v1.0,1.3.0,PASS,PASSED,none,warn-as-warn,Pinned QualiBact scheme for Escherichia coli,8,0,PASS,True,Escherichia coli,good,QualiBact Escherichia coli qualibact-v1.0,none
SAMN42764703,PASSED,PASSED,PASSED,PASSED,PASSED,PASSED,PASSED,PASSED,PASSED,PASSED,PASSED,PASSED,PASSED,PASSED,PASSED,PASSED,PASSED,201,100.0,0.14,115531,50.0,50.0,5458302,5458302,115531,5349,201,PASSED,69.15,short,PASSED,201,201,50.23,484179,115531,5458302,5458302,PASSED,PASSED,good,Escherichia coli,PASSED,GCF_003697165.2,1,Escherichia coli,100.0,97.3,Escherichia coli,100.0,PASSED,130515.0,100.0,0.44,300.0,50.2517,5496069.0,none,Escherichia coli,PASS,short,True,/gpfs3/well/aanensen/users/rva470/speccheck/speccheck/config/criteria.csv,94ca578103ce4fcd06e80c89e7d76ef7f29a6df0799aacfa92c0acd625506607,False,5,0,True,True,False,qualibact-v1.0,QualiBact Escherichia coli qualibact-v1.0,1.3.0,WARN,PASSED,GC_Content <50.25,warn-as-warn,Pinned QualiBact scheme for Escherichia coli,8,0,WARN,True,Escherichia coli,good,QualiBact Escherichia coli qualibact-v1.0,GC_Content <50.25
SAMN42764704,PASSED,PASSED,PASSED,PASSED,PASSED,PASSED,PASSED,PASSED,PASSED,PASSED,PASSED,PASSED,PASSED,PASSED,PASSED,PASSED,PASSED,374,100.0,0.37,78617,50.0,50.0,5573641,5573641,78617,5721,374,PASSED,45.68,short,PASSED,374,374,50.37,291293,78617,5573641,5573641,PASSED,PASSED,good,Escherichia coli,PASSED,GCF_003697165.2,1,Escherichia coli,100.0,97.4,Escherichia coli,100.0,PASSED,107916.0,100.0,0.33,675.0,50.4458,5700804.0,no_of_contigs >670.0; Total_Coding_Sequences >5800.0; Genome_Size >5700000.0,Escherichia coli,FAIL,short,True,/gpfs3/well/aanensen/users/rva470/speccheck/speccheck/config/criteria.csv,94ca578103ce4fcd06e80c89e7d76ef7f29a6df0799aacfa92c0acd625506607,False,5,0,True,True,False,qualibact-v1.0,QualiBact Escherichia coli qualibact-v1.0,1.3.0,PASS,PASSED,none,warn-as-warn,Pinned QualiBact scheme for Escherichia coli,8,0,PASS,True,Escherichia coli,good,QualiBact Escherichia coli qualibact-v1.0,none
SAMN42764705,PASSED,PASSED,PASSED,PASSED,PASSED,PASSED,PASSED,PASSED,PASSED,PASSED,PASSED,PASSED,PASSED,PASSED,PASSED,PASSED,PASSED,211,100.0,0.26,144363,50.0,50.0,5290064,5290064,144363,5179,211,PASSED,40.89,short,PASSED,211,211,50.48,337655,144363,5290064,5290064,PASSED,PASSED,good,Escherichia coli,PASSED,GCF_003697165.2,1,Escherichia coli,100.0,97.32,Escherichia coli,100.0,PASSED,141363.0,100.0,0.19,358.0,50.5117,5344105.0,none,Escherichia coli,PASS,short,True,/gpfs3/well/aanensen/users/rva470/speccheck/speccheck/config/criteria.csv,94ca578103ce4fcd06e80c89e7d76ef7f29a6df0799aacfa92c0acd625506607,False,5,0,True,True,False,qualibact-v1.0,QualiBact Escherichia coli qualibact-v1.0,1.3.0,PASS,PASSED,none,warn-as-warn,Pinned QualiBact scheme for Escherichia coli,8,0,PASS,True,Escherichia coli,good,QualiBact Escherichia coli qualibact-v1.0,none
SAMN42764706,PASSED,PASSED,PASSED,PASSED,PASSED,PASSED,PASSED,PASSED,PASSED,PASSED,PASSED,PASSED,PASSED,PASSED,PASSED,PASSED,PASSED,304,100.0,0.33,112461,50.0,50.0,5575799,5575799,112461,5677,304,PASSED,65.49,short,PASSED,304,304,50.38,288131,112461,5575799,5575799,PASSED,PASSED,good,Escherichia coli,PASSED,GCF_003697165.2,1,Escherichia coli,100.0,97.41,Escherichia coli,100.0,PASSED,114262.0,100.0,0.31,665.0,50.4387,5695351.0,no_of_contigs >600.0; Total_Coding_Sequences >5800.0,Escherichia coli,WARN,short,True,/gpfs3/well/aanensen/users/rva470/speccheck/speccheck/config/criteria.csv,94ca578103ce4fcd06e80c89e7d76ef7f29a6df0799aacfa92c0acd625506607,False,5,0,True,True,False,qualibact-v1.0,QualiBact Escherichia coli qualibact-v1.0,1.3.0,PASS,PASSED,none,warn-as-warn,Pinned QualiBact scheme for Escherichia coli,8,0,PASS,True,Escherichia coli,good,QualiBact Escherichia coli qualibact-v1.0,none
SAMN42764707,PASSED,PASSED,PASSED,PASSED,PASSED,PASSED,PASSED,PASSED,PASSED,PASSED,PASSED,PASSED,PASSED,PASSED,PASSED,PASSED,PASSED,222,100.0,0.28,117831,51.0,51.0,5317485,5317485,117831,5276,222,PASSED,47.66,short,PASSED,222,222,50.58,260515,117831,5317485,5317485,PASSED,PASSED,good,Escherichia coli,PASSED,GCF_003697165.2,1,Escherichia coli,100.0,97.35,Escherichia coli,100.0,PASSED,135053.0,100.0,0.32,431.0,50.6129,5389851.0,none,Escherichia coli,PASS,short,True,/gpfs3/well/aanensen/users/rva470/speccheck/speccheck/config/criteria.csv,94ca578103ce4fcd06e80c89e7d76ef7f29a6df0799aacfa92c0acd625506607,False,5,0,True,True,False,qualibact-v1.0,QualiBact Escherichia coli qualibact-v1.0,1.3.0,PASS,PASSED,none,warn-as-warn,Pinned QualiBact scheme for Escherichia coli,8,0,PASS,True,Escherichia coli,good,QualiBact Escherichia coli qualibact-v1.0,none
SAMN42764708,PASSED,PASSED,PASSED,PASSED,PASSED,PASSED,PASSED,PASSED,PASSED,PASSED,PASSED,PASSED,PASSED,PASSED,PASSED,PASSED,PASSED,309,100.0,0.27,120582,50.0,50.0,5421744,5421744,120582,5474,309,PASSED,46.5,short,PASSED,309,309,50.37,286580,120582,5421744,5421744,PASSED,PASSED,good,Escherichia coli,PASSED,GCF_003697165.2,1,Escherichia coli,100.0,97.39,Escherichia coli,100.0,PASSED,120536.0,100.0,0.35,584.0,50.4313,5544797.0,none,Escherichia coli,PASS,short,True,/gpfs3/well/aanensen/users/rva470/speccheck/speccheck/config/criteria.csv,94ca578103ce4fcd06e80c89e7d76ef7f29a6df0799aacfa92c0acd625506607,False,5,0,True,True,False,qualibact-v1.0,QualiBact Escherichia coli qualibact-v1.0,1.3.0,PASS,PASSED,none,warn-as-warn,Pinned QualiBact scheme for Escherichia coli,8,0,PASS,True,Escherichia coli,good,QualiBact Escherichia coli qualibact-v1.0,none
SAMN42764709,PASSED,PASSED,PASSED,PASSED,PASSED,PASSED,PASSED,PASSED,PASSED,PASSED,PASSED,PASSED,PASSED,PASSED,PASSED,PASSED,PASSED,317,100.0,0.33,107917,50.0,50.0,5576464,5576464,107917,5694,317,PASSED,66.89,short,PASSED,317,317,50.38,289184,107917,5576464,5576464,PASSED,PASSED,good,Escherichia coli,PASSED,GCF_003697165.2,1,Escherichia coli,100.0,97.42,Escherichia coli,100.0,PASSED,115086.0,100.0,0.34,660.0,50.4426,5698775.0,no_of_contigs >600.0; Total_Coding_Sequences >5800.0,Escherichia coli,WARN,short,True,/gpfs3/well/aanensen/users/rva470/speccheck/speccheck/config/criteria.csv,94ca578103ce4fcd06e80c89e7d76ef7f29a6df0799aacfa92c0acd625506607,False,5,0,True,True,False,qualibact-v1.0,QualiBact Escherichia coli qualibact-v1.0,1.3.0,PASS,PASSED,none,warn-as-warn,Pinned QualiBact scheme for Escherichia coli,8,0,PASS,True,Escherichia coli,good,QualiBact Escherichia coli qualibact-v1.0,none
SAMN42765271,PASSED,PASSED,PASSED,PASSED,PASSED,PASSED,PASSED,PASSED,PASSED,PASSED,PASSED,PASSED,PASSED,PASSED,PASSED,PASSED,PASSED,71,100.0,0.01,155496,51.0,51.0,4812943,4812943,155496,4383,71,PASSED,124.49,short,PASSED,71,71,50.58,435455,155496,4812943,4812943,PASSED,PASSED,good,Escherichia coli,PASSED,GCF_003697165.2,1,Escherichia coli,100.0,97.37,Escherichia coli,100.0,PASSED,162699.0,100.0,0.01,107.0,50.5923,4828176.0,none,Escherichia coli,PASS,short,True,/gpfs3/well/aanensen/users/rva470/speccheck/speccheck/config/criteria.csv,94ca578103ce4fcd06e80c89e7d76ef7f29a6df0799aacfa92c0acd625506607,False,5,0,True,True,False,qualibact-v1.0,QualiBact Escherichia coli qualibact-v1.0,1.3.0,PASS,PASSED,none,warn-as-warn,Pinned QualiBact scheme for Escherichia coli,8,0,PASS,True,Escherichia coli,good,QualiBact Escherichia coli qualibact-v1.0,none
SAMN42765982,PASSED,PASSED,PASSED,PASSED,PASSED,PASSED,PASSED,PASSED,PASSED,PASSED,PASSED,PASSED,PASSED,PASSED,PASSED,PASSED,PASSED,302,100.0,0.38,126621,51.0,51.0,5625334,5625334,126621,5715,302,PASSED,50.19,short,PASSED,302,302,50.51,312337,126621,5625334,5625334,PASSED,PASSED,good,Escherichia coli,PASSED,GCF_003697165.2,1,Escherichia coli,100.0,97.38,Escherichia coli,100.0,PASSED,126621.0,100.0,0.4,679.0,50.5585,5738641.0,no_of_contigs >670.0; Total_Coding_Sequences >5800.0; Genome_Size >5700000.0,Escherichia coli,FAIL,short,True,/gpfs3/well/aanensen/users/rva470/speccheck/speccheck/config/criteria.csv,94ca578103ce4fcd06e80c89e7d76ef7f29a6df0799aacfa92c0acd625506607,False,5,0,True,True,False,qualibact-v1.0,QualiBact Escherichia coli qualibact-v1.0,1.3.0,PASS,PASSED,none,warn-as-warn,Pinned QualiBact scheme for Escherichia coli,8,0,PASS,True,Escherichia coli,good,QualiBact Escherichia coli qualibact-v1.0,none
SAMN42765983,PASSED,PASSED,PASSED,PASSED,PASSED,PASSED,PASSED,PASSED,PASSED,PASSED,PASSED,PASSED,PASSED,PASSED,PASSED,PASSED,PASSED,82,100.0,0.08,185085,51.0,51.0,5000691,5000691,185085,4777,82,PASSED,55.59,short,PASSED,82,82,50.65,483520,185085,5000691,5000691,PASSED,PASSED,good,Escherichia coli,PASSED,GCF_003697165.2,1,Escherichia coli,100.0,97.27,Escherichia coli,100.0,PASSED,185085.0,100.0,0.08,154.0,50.6675,5023858.0,none,Escherichia coli,PASS,short,True,/gpfs3/well/aanensen/users/rva470/speccheck/speccheck/config/criteria.csv,94ca578103ce4fcd06e80c89e7d76ef7f29a6df0799aacfa92c0acd625506607,False,5,0,True,True,False,qualibact-v1.0,QualiBact Escherichia coli qualibact-v1.0,1.3.0,PASS,PASSED,none,warn-as-warn,Pinned QualiBact scheme for Escherichia coli,8,0,PASS,True,Escherichia coli,good,QualiBact Escherichia coli qualibact-v1.0,none
SAMN42765984,PASSED,PASSED,PASSED,PASSED,PASSED,PASSED,PASSED,PASSED,PASSED,PASSED,PASSED,PASSED,PASSED,PASSED,PASSED,PASSED,PASSED,208,100.0,0.37,104197,50.0,50.0,5397941,5397941,104197,5446,208,PASSED,44.43,short,PASSED,208,208,50.25,363009,104197,5397941,5397941,PASSED,PASSED,good,Escherichia coli,PASSED,GCF_003697165.2,1,Escherichia coli,100.0,97.29,Escherichia coli,100.0,PASSED,104197.0,100.0,0.37,463.0,50.274,5476493.0,none,Escherichia coli,PASS,short,True,/gpfs3/well/aanensen/users/rva470/speccheck/speccheck/config/criteria.csv,94ca578103ce4fcd06e80c89e7d76ef7f29a6df0799aacfa92c0acd625506607,False,5,0,True,True,False,qualibact-v1.0,QualiBact Escherichia coli qualibact-v1.0,1.3.0,PASS,PASSED,none,warn-as-warn,Pinned QualiBact scheme for Escherichia coli,8,0,PASS,True,Escherichia coli,good,QualiBact Escherichia coli qualibact-v1.0,none
SAMN42765985,PASSED,PASSED,PASSED,PASSED,PASSED,PASSED,PASSED,PASSED,PASSED,PASSED,PASSED,PASSED,PASSED,PASSED,PASSED,PASSED,PASSED,218,100.0,0.11,134860,50.0,50.0,5186332,5186332,134860,5120,218,PASSED,39.26,short,PASSED,218,218,50.47,435066,134860,5186332,5186332,PASSED,PASSED,good,Escherichia coli,PASSED,GCF_003697165.2,1,Escherichia coli,100.0,97.33,Escherichia coli,100.0,PASSED,124127.0,100.0,0.09,402.0,50.4797,5241634.0,none,Escherichia coli,PASS,short,True,/gpfs3/well/aanensen/users/rva470/speccheck/speccheck/config/criteria.csv,94ca578103ce4fcd06e80c89e7d76ef7f29a6df0799aacfa92c0acd625506607,False,5,0,True,True,False,qualibact-v1.0,QualiBact Escherichia coli qualibact-v1.0,1.3.0,PASS,PASSED,none,warn-as-warn,Pinned QualiBact scheme for Escherichia coli,8,0,PASS,True,Escherichia coli,good,QualiBact Escherichia coli qualibact-v1.0,none
SAMN42765986,PASSED,PASSED,PASSED,PASSED,PASSED,PASSED,PASSED,PASSED,PASSED,PASSED,PASSED,PASSED,PASSED,PASSED,PASSED,PASSED,PASSED,227,100.0,0.45,132300,51.0,51.0,5253972,5253972,132300,5221,227,PASSED,27.17,short,PASSED,227,227,50.57,349328,132300,5253972,5253972,PASSED,PASSED,good,Escherichia coli,PASSED,GCF_003697165.2,1,Escherichia coli,100.0,97.35,Escherichia coli,100.0,PASSED,126235.0,100.0,0.42,407.0,50.5907,5308166.0,none,Escherichia coli,PASS,short,True,/gpfs3/well/aanensen/users/rva470/speccheck/speccheck/config/criteria.csv,94ca578103ce4fcd06e80c89e7d76ef7f29a6df0799aacfa92c0acd625506607,False,5,0,True,True,False,qualibact-v1.0,QualiBact Escherichia coli qualibact-v1.0,1.3.0,PASS,PASSED,none,warn-as-warn,Pinned QualiBact scheme for Escherichia coli,8,0,PASS,True,Escherichia coli,good,QualiBact Escherichia coli qualibact-v1.0,none
SAMN42766884,PASSED,PASSED,PASSED,PASSED,PASSED,PASSED,PASSED,PASSED,PASSED,PASSED,PASSED,PASSED,PASSED,PASSED,PASSED,PASSED,PASSED,92,100.0,0.13,102449,50.0,50.0,4842950,4842950,102449,4542,92,PASSED,38.3,short,PASSED,92,92,50.47,308969,102449,4842950,4842950,PASSED,PASSED,good,Escherichia coli,PASSED,GCF_003697165.2,1,Escherichia coli,100.0,97.31,Escherichia coli,100.0,PASSED,102449.0,100.0,0.1,135.0,50.4715,4850843.0,none,Escherichia coli,PASS,short,True,/gpfs3/well/aanensen/users/rva470/speccheck/speccheck/config/criteria.csv,94ca578103ce4fcd06e80c89e7d76ef7f29a6df0799aacfa92c0acd625506607,False,5,0,True,True,False,qualibact-v1.0,QualiBact Escherichia coli qualibact-v1.0,1.3.0,PASS,PASSED,none,warn-as-warn,Pinned QualiBact scheme for Escherichia coli,8,0,PASS,True,Escherichia coli,good,QualiBact Escherichia coli qualibact-v1.0,none
SAMN42766885,PASSED,PASSED,PASSED,PASSED,PASSED,PASSED,PASSED,PASSED,PASSED,PASSED,PASSED,PASSED,PASSED,PASSED,PASSED,PASSED,PASSED,121,100.0,0.21,119508,50.0,50.0,5023793,5023793,119508,4800,121,PASSED,35.66,short,PASSED,121,121,50.41,684542,119508,5023793,5023793,PASSED,PASSED,good,Escherichia coli,PASSED,GCF_003697165.2,1,Escherichia coli,100.0,97.25,Escherichia coli,100.0,PASSED,120461.0,100.0,0.21,184.0,50.4198,5043262.0,none,Escherichia coli,PASS,short,True,/gpfs3/well/aanensen/users/rva470/speccheck/speccheck/config/criteria.csv,94ca578103ce4fcd06e80c89e7d76ef7f29a6df0799aacfa92c0acd625506607,False,5,0,True,True,False,qualibact-v1.0,QualiBact Escherichia coli qualibact-v1.0,1.3.0,PASS,PASSED,none,warn-as-warn,Pinned QualiBact scheme for Escherichia coli,8,0,PASS,True,Escherichia coli,good,QualiBact Escherichia coli qualibact-v1.0,none
SAMN42766886,PASSED,PASSED,PASSED,PASSED,PASSED,PASSED,PASSED,PASSED,PASSED,PASSED,PASSED,PASSED,PASSED,PASSED,PASSED,PASSED,PASSED,109,100.0,0.18,160407,51.0,51.0,5251580,5251580,160407,5006,109,PASSED,22.96,short,PASSED,109,109,50.69,354905,160407,5251580,5251580,PASSED,PASSED,good,Escherichia coli,PASSED,GCF_003697165.2,1,Escherichia coli,100.0,98.15,Escherichia coli,100.0,PASSED,172285.0,100.0,0.5,159.0,50.6951,5269811.0,none,Escherichia coli,PASS,short,True,/gpfs3/well/aanensen/users/rva470/speccheck/speccheck/config/criteria.csv,94ca578103ce4fcd06e80c89e7d76ef7f29a6df0799aacfa92c0acd625506607,False,5,0,True,True,False,qualibact-v1.0,QualiBact Escherichia coli qualibact-v1.0,1.3.0,PASS,PASSED,none,warn-as-warn,Pinned QualiBact scheme for Escherichia coli,8,0,PASS,True,Escherichia coli,good,QualiBact Escherichia coli qualibact-v1.0,none
SAMN42766887,PASSED,PASSED,PASSED,PASSED,PASSED,PASSED,PASSED,PASSED,PASSED,PASSED,PASSED,PASSED,FAILED,FAILED,PASSED,PASSED,PASSED,125,100.0,1.06,103730,50.0,50.0,5045016,5045016,103730,4845,125,PASSED,44.68,short,PASSED,125,125,50.27,433690,103730,5045016,5045016,PASSED,FAILED,good,Shigella dysenteriae,PASSED,GCF_003697165.2,1,Escherichia coli,100.0,97.34,Escherichia coli,100.0,FAILED,123055.0,100.0,1.06,154.0,50.2734,5057626.0,none,Escherichia coli,PASS,short,True,/gpfs3/well/aanensen/users/rva470/speccheck/speccheck/config/criteria.csv,94ca578103ce4fcd06e80c89e7d76ef7f29a6df0799aacfa92c0acd625506607,False,5,0,True,False,False,qualibact-v1.0,QualiBact Escherichia coli qualibact-v1.0,1.3.0,NOT_AVAILABLE,NOT_AVAILABLE,No pinned QualiBact scheme for species,warn-as-warn,not available,0,0,NOT_AVAILABLE,True,Shigella dysenteriae,good,QualiBact Escherichia coli qualibact-v1.0,No pinned QualiBact scheme for species
SAMN42766888,PASSED,PASSED,PASSED,PASSED,PASSED,PASSED,PASSED,PASSED,PASSED,PASSED,PASSED,PASSED,PASSED,PASSED,PASSED,PASSED,PASSED,91,100.0,0.34,210405,50.0,50.0,5103246,5103246,210405,4827,91,PASSED,56.85,short,PASSED,91,91,50.36,520012,210405,5103246,5103246,PASSED,PASSED,good,Escherichia coli,PASSED,GCF_003697165.2,1,Escherichia coli,100.0,97.3,Escherichia coli,100.0,PASSED,210405.0,100.0,0.34,145.0,50.3694,5121815.0,none,Escherichia coli,PASS,short,True,/gpfs3/well/aanensen/users/rva470/speccheck/speccheck/config/criteria.csv,94ca578103ce4fcd06e80c89e7d76ef7f29a6df0799aacfa92c0acd625506607,False,5,0,True,True,False,qualibact-v1.0,QualiBact Escherichia coli qualibact-v1.0,1.3.0,PASS,PASSED,none,warn-as-warn,Pinned QualiBact scheme for Escherichia coli,8,0,PASS,True,Escherichia coli,good,QualiBact Escherichia coli qualibact-v1.0,none
SAMN42766889,PASSED,PASSED,PASSED,PASSED,PASSED,PASSED,PASSED,PASSED,PASSED,PASSED,PASSED,PASSED,PASSED,PASSED,PASSED,PASSED,PASSED,41,100.0,0.21,262999,51.0,51.0,4715477,4715477,262999,4407,41,PASSED,38.41,short,PASSED,41,41,50.62,789436,262999,4715477,4715477,PASSED,PASSED,good,Escherichia coli,PASSED,GCF_003697165.2,1,Escherichia coli,100.0,97.24,Escherichia coli,100.0,PASSED,280196.0,100.0,0.24,71.0,50.6336,4725889.0,none,Escherichia coli,PASS,short,True,/gpfs3/well/aanensen/users/rva470/speccheck/speccheck/config/criteria.csv,94ca578103ce4fcd06e80c89e7d76ef7f29a6df0799aacfa92c0acd625506607,False,5,0,True,True,False,qualibact-v1.0,QualiBact Escherichia coli qualibact-v1.0,1.3.0,PASS,PASSED,none,warn-as-warn,Pinned QualiBact scheme for Escherichia coli,8,0,PASS,True,Escherichia coli,good,QualiBact Escherichia coli qualibact-v1.0,none
SAMN42766890,PASSED,PASSED,PASSED,PASSED,PASSED,PASSED,PASSED,PASSED,PASSED,PASSED,PASSED,PASSED,PASSED,PASSED,PASSED,PASSED,PASSED,63,100.0,0.72,255498,50.0,50.0,5116752,5116752,255498,4794,63,PASSED,46.38,short,PASSED,63,63,50.39,645148,255498,5116752,5116752,PASSED,PASSED,good,Escherichia coli,PASSED,GCF_003697165.2,1,Escherichia coli,100.0,97.41,Escherichia coli,100.0,PASSED,269420.0,100.0,0.72,93.0,50.4032,5130009.0,none,Escherichia coli,PASS,short,True,/gpfs3/well/aanensen/users/rva470/speccheck/speccheck/config/criteria.csv,94ca578103ce4fcd06e80c89e7d76ef7f29a6df0799aacfa92c0acd625506607,False,5,0,True,True,False,qualibact-v1.0,QualiBact Escherichia coli qualibact-v1.0,1.3.0,PASS,PASSED,none,warn-as-warn,Pinned QualiBact scheme for Escherichia coli,8,0,PASS,True,Escherichia coli,good,QualiBact Escherichia coli qualibact-v1.0,none
